Id,Position,First Name,Nickname,Last Name,FPPG,Played,Salary,Game,Team,Opponent,Injury Indicator,Injury Details,Tier,,,Roster Position
82608-80001,RB,Austin,Austin Ekeler,Ekeler,21.17142813546317,7,9400,LAC@ATL,LAC,ATL,,,,,,RB/FLEX
82608-62239,QB,Josh,Josh Allen,Allen,28.074286324637278,7,9300,BUF@NYJ,BUF,NYJ,,,,,,QB
82608-79970,WR,Cooper,Cooper Kupp,Kupp,19.957142421177455,7,9000,LAR@TB,LAR,TB,,,,,,WR/FLEX
82608-85671,WR,Justin,Justin Jefferson,Jefferson,17.488571166992188,7,9000,MIN@WAS,MIN,WAS,,,,,,WR/FLEX
82608-25079,WR,Stefon,Stefon Diggs,Diggs,20.84285627092634,7,8900,BUF@NYJ,BUF,NYJ,,,,,,WR/FLEX
82608-72731,RB,Josh,Josh Jacobs,Jacobs,18.542857578822545,7,8800,LV@JAC,LV,JAC,,,,,,RB/FLEX
82608-53681,WR,Tyreek,Tyreek Hill,Hill,18.137500762939453,8,8700,MIA@CHI,MIA,CHI,,,,,,WR/FLEX
82608-16606,WR,DeAndre,DeAndre Hopkins,Hopkins,21.600000381469727,2,8600,SEA@ARI,ARI,SEA,,,,,,WR/FLEX
82608-63336,QB,Joe,Joe Burrow,Burrow,23.295000076293945,8,8500,CAR@CIN,CIN,CAR,,,,,,QB
82608-54140,RB,Dalvin,Dalvin Cook,Cook,14.799999782017299,7,8500,MIN@WAS,MIN,WAS,,,,,,RB/FLEX
82608-103342,RB,Kenneth,Kenneth Walker III,Walker III,11.914285932268415,7,8300,SEA@ARI,SEA,ARI,,,,,,RB/FLEX
82608-90573,WR,Jaylen,Jaylen Waddle,Waddle,15.425000190734863,8,8200,MIA@CHI,MIA,CHI,,,,,,WR/FLEX
82608-63484,QB,Kyler,Kyler Murray,Murray,20.202499389648438,8,8200,SEA@ARI,ARI,SEA,,,,,,QB
82608-52442,RB,Joe,Joe Mixon,Mixon,12.449999809265137,8,8100,CAR@CIN,CIN,CAR,,,,,,RB/FLEX
82608-45889,WR,Davante,Davante Adams,Adams,14.299999782017299,7,8100,LV@JAC,LV,JAC,,,,,,WR/FLEX
82608-90572,QB,Tua,Tua Tagovailoa,Tagovailoa,19.270000457763672,6,8000,MIA@CHI,MIA,CHI,,,,,,QB
82608-85701,WR,Ja'Marr,Ja'Marr Chase,Chase,16.885713849748885,7,8000,CAR@CIN,CIN,CAR,O,Hip,,,,WR/FLEX
82608-89981,WR,Tee,Tee Higgins,Higgins,12.200000217982701,7,8000,CAR@CIN,CIN,CAR,,,,,,WR/FLEX
82608-111540,RB,Rhamondre,Rhamondre Stevenson,Stevenson,14.6875,8,8000,IND@NE,NE,IND,,,,,,RB/FLEX
82608-22038,QB,Kirk,Kirk Cousins,Cousins,18.051428658621653,7,7900,MIN@WAS,MIN,WAS,,,,,,QB
82608-40442,RB,Aaron,Aaron Jones,Jones,14.1875,8,7800,GB@DET,GB,DET,,,,,,RB/FLEX
82608-69189,QB,Justin,Justin Herbert,Herbert,17.837142944335938,7,7800,LAC@ATL,LAC,ATL,,,,,,QB
82608-32384,WR,Mike,Mike Evans,Evans,13.599999564034599,7,7700,LAR@TB,TB,LAR,,,,,,WR/FLEX
82608-27050,WR,Tyler,Tyler Lockett,Lockett,11.262499809265137,8,7600,SEA@ARI,SEA,ARI,,,,,,WR/FLEX
82608-89956,RB,Travis,Travis Etienne Jr.,Etienne Jr.,11.662500381469727,8,7600,LV@JAC,JAC,LV,,,,,,RB/FLEX
82608-91598,RB,D'Andre,D'Andre Swift,Swift,14.649999618530273,4,7500,GB@DET,DET,GB,Q,Ankle,,,,RB/FLEX
82608-45631,RB,Jamaal,Jamaal Williams,Williams,14.657142639160156,7,7500,GB@DET,DET,GB,,,,,,RB/FLEX
82608-29253,WR,Keenan,Keenan Allen,Allen,5.349999904632568,2,7500,LAC@ATL,LAC,ATL,O,Hamstring,,,,WR/FLEX
82608-26483,QB,Geno,Geno Smith,Smith,18.219999313354492,8,7500,SEA@ARI,SEA,ARI,,,,,,QB
82608-73048,WR,DK,DK Metcalf,Metcalf,9.975000381469727,8,7400,SEA@ARI,SEA,ARI,,,,,,WR/FLEX
82608-91591,QB,Justin,Justin Fields,Fields,16.045000076293945,8,7400,MIA@CHI,CHI,MIA,,,,,,QB
82608-55830,RB,D'Onta,D'Onta Foreman,Foreman,7.285714285714286,7,7300,CAR@CIN,CAR,CIN,,,,,,RB/FLEX
82608-30733,RB,Cordarrelle,Cordarrelle Patterson,Patterson,14.199999809265137,4,7200,LAC@ATL,ATL,LAC,,,,,,RB/FLEX
82608-53331,QB,Taylor,Taylor Heinicke,Heinicke,19.25,2,7200,MIN@WAS,WAS,MIN,,,,,,QB
82608-56250,WR,Terry,Terry McLaurin,McLaurin,10.612500190734863,8,7200,MIN@WAS,WAS,MIN,,,,,,WR/FLEX
82608-38435,QB,Jared,Jared Goff,Goff,17.165714808872767,7,7100,GB@DET,DET,GB,,,,,,QB
82608-29358,QB,Marcus,Marcus Mariota,Mariota,16.90999984741211,8,7100,LAC@ATL,ATL,LAC,,,,,,QB
82608-52922,RB,Leonard,Leonard Fournette,Fournette,14.300000190734863,8,7100,LAR@TB,TB,LAR,,,,,,RB/FLEX
82608-86997,WR,Amon-Ra,Amon-Ra St. Brown,St. Brown,12.783332824707031,6,7100,GB@DET,DET,GB,,,,,,WR/FLEX
82608-73273,RB,David,David Montgomery,Montgomery,9.442856924874443,7,7000,MIA@CHI,CHI,MIA,,,,,,RB/FLEX
82608-63043,WR,DJ,DJ Moore,Moore,10.112500190734863,8,7000,CAR@CIN,CAR,CIN,,,,,,WR/FLEX
82608-72412,RB,Khalil,Khalil Herbert,Herbert,11.9375,8,7000,MIA@CHI,CHI,MIA,,,,,,RB/FLEX
82608-6894,QB,Aaron,Aaron Rodgers,Rodgers,14.5,8,7000,GB@DET,GB,DET,,,,,,QB
82608-28643,WR,Allen,Allen Robinson II,Robinson II,6.485714503696987,7,7000,LAR@TB,LAR,TB,,,,,,WR/FLEX
82608-6498,QB,Tom,Tom Brady,Brady,15.397500038146973,8,6900,LAR@TB,TB,LAR,,,,,,QB
82608-40669,WR,Tyler,Tyler Boyd,Boyd,11.52750015258789,8,6900,CAR@CIN,CIN,CAR,,,,,,WR/FLEX
82608-63634,WR,Jakobi,Jakobi Meyers,Meyers,12.949999491373697,6,6800,IND@NE,NE,IND,,,,,,WR/FLEX
82608-89675,RB,Jonathan,Jonathan Taylor,Taylor,10.549999872843424,6,6800,IND@NE,IND,NE,O,Ankle,,,,RB/FLEX
82608-45859,QB,Derek,Derek Carr,Carr,14.648571559361049,7,6800,LV@JAC,LV,JAC,,,,,,QB
82608-89951,QB,Trevor,Trevor Lawrence,Lawrence,16.1875,8,6800,LV@JAC,JAC,LV,,,,,,QB
82608-55635,WR,Chris,Chris Godwin,Godwin,9.116666793823242,6,6700,LAR@TB,TB,LAR,,,,,,WR/FLEX
82608-6654,QB,Matthew,Matthew Stafford,Stafford,13.017143249511719,7,6700,LAR@TB,LAR,TB,,,,,,QB
82608-29780,TE,Zach,Zach Ertz,Ertz,9.737500190734863,8,6600,SEA@ARI,ARI,SEA,,,,,,TE/FLEX
82608-90406,QB,Zach,Zach Wilson,Wilson,13.203999328613282,5,6600,BUF@NYJ,NYJ,BUF,,,,,,QB
82608-94534,WR,Gabe,Gabe Davis,Davis,12.300000508626303,6,6600,BUF@NYJ,BUF,NYJ,,,,,,WR/FLEX
82608-40687,RB,James,James Conner,Conner,8.65999984741211,5,6600,SEA@ARI,ARI,SEA,Q,Ribs,,,,RB/FLEX
82608-85762,RB,Eno,Eno Benjamin,Benjamin,8.887499809265137,8,6600,SEA@ARI,ARI,SEA,,,,,,RB/FLEX
82608-28744,RB,Raheem,Raheem Mostert,Mostert,9.175000190734863,8,6500,MIA@CHI,MIA,CHI,,,,,,RB/FLEX
82608-63589,QB,Sam,Sam Darnold,Darnold,14.18999989827474,12,6500,CAR@CIN,CAR,CIN,IR,Ankle,,,,QB
82608-56809,WR,Allen,Allen Lazard,Lazard,11.833333333333334,6,6500,GB@DET,GB,DET,Q,Shoulder,,,,WR/FLEX
82608-41827,QB,P.J.,P.J. Walker,Walker,9.364999771118164,4,6500,CAR@CIN,CAR,CIN,,,,,,QB
82608-90428,RB,Tyler,Tyler Allgeier,Allgeier,7.714285714285714,7,6400,LAC@ATL,ATL,LAC,,,,,,RB/FLEX
82608-90584,QB,Mac,Mac Jones,Jones,11.344000244140625,5,6400,IND@NE,NE,IND,,,,,,QB
82608-69213,WR,Michael,Michael Pittman Jr.,Pittman Jr.,11.757143293108259,7,6400,IND@NE,IND,NE,,,,,,WR/FLEX
82608-86080,TE,Kyle,Kyle Pitts,Pitts,6.899999891008649,7,6300,LAC@ATL,ATL,LAC,,,,,,TE/FLEX
82608-92560,QB,Sam,Sam Ehlinger,Ehlinger,7.539999961853027,1,6300,IND@NE,IND,NE,,,,,,QB
82608-60858,WR,Christian,Christian Kirk,Kirk,11.3125,8,6300,LV@JAC,JAC,LV,,,,,,WR/FLEX
82608-6616,QB,Matt,Matt Ryan,Ryan,14.63142830984933,7,6300,IND@NE,IND,NE,O,Shoulder,,,,QB
82608-22027,QB,Nick,Nick Foles,Foles,16.799999237060547,1,6300,IND@NE,IND,NE,,,,,,QB
82608-60947,QB,Jarrett,Jarrett Stidham,Stidham,2.880000114440918,1,6300,LV@JAC,LV,JAC,,,,,,QB
82608-70324,QB,Carson,Carson Wentz,Wentz,17.24333318074544,6,6300,MIN@WAS,WAS,MIN,IR,Finger,,,,QB
82608-71706,TE,T.J.,T.J. Hockenson,Hockenson,10.357142857142858,7,6200,MIN@WAS,MIN,WAS,,,,,,TE/FLEX
82608-64576,RB,Damien,Damien Harris,Harris,8.342857360839844,7,6200,IND@NE,NE,IND,Q,Illness,,,,RB/FLEX
82608-87418,WR,Joshua,Joshua Palmer,Palmer,7.233333587646484,6,6200,LAC@ATL,LAC,ATL,,,,,,WR/FLEX
82608-41535,QB,Baker,Baker Mayfield,Mayfield,11.695999908447266,5,6200,CAR@CIN,CAR,CIN,,,,,,QB
82608-139985,QB,Bailey,Bailey Zappe,Zappe,10.53499984741211,4,6200,IND@NE,NE,IND,,,,,,QB
82608-69333,QB,Jacob,Jacob Eason,Eason,1.3600000143051147,1,6200,CAR@CIN,CAR,CIN,,,,,,QB
82608-39716,WR,Adam,Adam Thielen,Thielen,9.514285496303014,7,6200,MIN@WAS,MIN,WAS,,,,,,WR/FLEX
82608-104576,QB,Sam,Sam Howell,Howell,,,6100,MIN@WAS,WAS,MIN,,,,,,QB
82608-69777,WR,Darnell,Darnell Mooney,Mooney,6.112500190734863,8,6100,MIA@CHI,CHI,MIA,,,,,,WR/FLEX
82608-94370,WR,Romeo,Romeo Doubs,Doubs,7.712500095367432,8,6100,GB@DET,GB,DET,,,,,,WR/FLEX
82608-11500,QB,Colt,Colt McCoy,McCoy,6.0428570338657925,7,6100,SEA@ARI,ARI,SEA,,,,,,QB
82608-86278,QB,Desmond,Desmond Ridder,Ridder,,,6100,LAC@ATL,ATL,LAC,,,,,,QB
82608-27986,QB,C.J.,C.J. Beathard,Beathard,-0.10000000149011612,1,6100,LV@JAC,JAC,LV,,,,,,QB
82608-69017,QB,Jordan,Jordan Love,Love,1.4600000381469727,2,6100,GB@DET,GB,DET,,,,,,QB
82608-87467,RB,Chuba,Chuba Hubbard,Hubbard,2.7166665395100913,6,6100,CAR@CIN,CAR,CIN,O,Ankle,,,,RB/FLEX
82608-31170,QB,Brandon,Brandon Allen,Allen,2.7719999313354493,5,6100,CAR@CIN,CIN,CAR,,,,,,QB
82608-22994,QB,Case,Case Keenum,Keenum,0.1599999964237213,2,6100,BUF@NYJ,BUF,NYJ,,,,,,QB
82608-33259,QB,Teddy,Teddy Bridgewater,Bridgewater,7.994999885559082,4,6100,MIA@CHI,MIA,CHI,,,,,,QB
82608-91639,QB,Jake,Jake Fromm,Fromm,4.633333206176758,3,6100,MIN@WAS,WAS,MIN,,,,,,QB
82608-40482,QB,Tim,Tim Boyle,Boyle,7.585000038146973,4,6100,GB@DET,DET,GB,,,,,,QB
82608-64051,QB,Drew,Drew Lock,Lock,8.896666844685873,6,6100,SEA@ARI,SEA,ARI,,,,,,QB
82608-6714,QB,Joe,Joe Flacco,Flacco,15.879999796549479,3,6100,BUF@NYJ,NYJ,BUF,,,,,,QB
82608-41562,QB,Nick,Nick Mullens,Mullens,9.880000114440918,1,6100,MIN@WAS,MIN,WAS,,,,,,QB
82608-8803,QB,Chase,Chase Daniel,Daniel,-0.20000000298023224,1,6100,LAC@ATL,LAC,ATL,,,,,,QB
82608-7872,QB,Brian,Brian Hoyer,Hoyer,1.4800000190734863,1,6100,IND@NE,NE,IND,IR,Concussion,,,,QB
82608-47870,TE,Tyler,Tyler Higbee,Higbee,7.028571537562779,7,6100,LAR@TB,LAR,TB,,,,,,TE/FLEX
82608-28434,QB,Trevor,Trevor Siemian,Siemian,0.20000000298023224,1,6100,MIA@CHI,CHI,MIA,,,,,,QB
82608-90933,RB,Antonio,Antonio Gibson,Gibson,11.3125,8,6100,MIN@WAS,WAS,MIN,,,,,,RB/FLEX
82608-14194,QB,Blaine,Blaine Gabbert,Gabbert,0.33000000317891437,6,6100,LAR@TB,TB,LAR,,,,,,QB
82608-56192,QB,John,John Wolford,Wolford,-0.44999998807907104,2,6100,LAR@TB,LAR,TB,,,,,,QB
82608-93107,RB,AJ,AJ Dillon,Dillon,7.175000190734863,8,6100,GB@DET,GB,DET,,,,,,RB/FLEX
82608-71710,QB,Nate,Nate Stanley,Stanley,,,6000,MIN@WAS,MIN,WAS,,,,,,QB
82608-30761,QB,Nathan,Nathan Peterman,Peterman,0.20000000298023224,1,6000,MIA@CHI,CHI,MIA,,,,,,QB
82608-89157,RB,Caleb,Caleb Huntley,Huntley,5.416666666666667,6,6000,LAC@ATL,ATL,LAC,,,,,,RB/FLEX
82608-62566,QB,Travis,Travis Jonsen,Jonsen,,,6000,LAR@TB,TB,LAR,,,,,,QB
82608-68741,QB,Brandon,Brandon Peters,Peters,,,6000,LAC@ATL,LAC,ATL,,,,,,QB
82608-27801,QB,Nate,Nate Sudfeld,Sudfeld,,,6000,GB@DET,DET,GB,,,,,,QB
82608-92362,QB,Levi,Levi Lewis,Lewis,,,6000,SEA@ARI,SEA,ARI,,,,,,QB
82608-130269,QB,Reid,Reid Sinnett,Sinnett,,,6000,MIA@CHI,MIA,CHI,,,,,,QB
82608-52451,RB,Samaje,Samaje Perine,Perine,4.375,8,6000,CAR@CIN,CIN,CAR,,,,,,RB/FLEX
82608-130288,RB,James,James Robinson,Robinson,8.600000381469727,8,6000,BUF@NYJ,NYJ,BUF,Q,Knee,,,,RB/FLEX
82608-84287,QB,Luis,Luis Perez,Perez,,,6000,LAR@TB,LAR,TB,,,,,,QB
82608-91468,QB,Chase,Chase Garbers,Garbers,,,6000,LV@JAC,LV,JAC,,,,,,QB
82608-93539,RB,Michael,Michael Carter,Carter,8.5,8,6000,BUF@NYJ,NYJ,BUF,,,,,,RB/FLEX
82608-60787,QB,Bryce,Bryce Perkins,Perkins,,,6000,LAR@TB,LAR,TB,,,,,,QB
82608-52606,QB,David,David Blough,Blough,0.6000000238418579,1,6000,MIN@WAS,MIN,WAS,,,,,,QB
82608-103824,QB,Easton,Easton Stick,Stick,,,6000,LAC@ATL,LAC,ATL,,,,,,QB
82608-32158,QB,Garrett,Garrett Gilbert,Gilbert,7.760000228881836,1,6000,IND@NE,NE,IND,,,,,,QB
82608-71077,QB,Cole,Cole Kelley,Kelley,,,6000,MIN@WAS,WAS,MIN,,,,,,QB
82608-60840,QB,Jake,Jake Browning,Browning,,,6000,CAR@CIN,CIN,CAR,,,,,,QB
82608-25011,TE,Darren,Darren Waller,Waller,7.875,4,6000,LV@JAC,LV,JAC,Q,Hamstring,,,,TE/FLEX
82608-72241,QB,Drew,Drew Plitt,Plitt,,,6000,CAR@CIN,CIN,CAR,,,,,,QB
82608-88630,QB,Matt,Matt Corral,Corral,,,6000,CAR@CIN,CAR,CIN,IR,Foot,,,,QB
82608-89658,QB,Jack,Jack Coan,Coan,,,6000,IND@NE,IND,NE,,,,,,QB
82608-71232,QB,D'Eriq,D'Eriq King,King,,,6000,IND@NE,NE,IND,,,,,,QB
82608-71242,QB,Jarrett,Jarrett Guarantano,Guarantano,,,6000,SEA@ARI,ARI,SEA,,,,,,QB
82608-40534,QB,Mike,Mike White,White,13.005000114440918,4,6000,BUF@NYJ,NYJ,BUF,,,,,,QB
82608-69294,QB,Skylar,Skylar Thompson,Thompson,4.050000190734863,2,6000,MIA@CHI,MIA,CHI,,,,,,QB
82608-69302,QB,Feleipe,Feleipe Franks,Franks,0,1,6000,LAC@ATL,ATL,LAC,,,,,,QB
82608-69304,QB,Kyle,Kyle Trask,Trask,,,6000,LAR@TB,TB,LAR,,,,,,QB
82608-29445,QB,Sean,Sean Mannion,Mannion,12.960000038146973,1,6000,SEA@ARI,SEA,ARI,,,,,,QB
82608-33647,QB,Kyle,Kyle Sloter,Sloter,,,6000,LV@JAC,JAC,LV,,,,,,QB
82608-38767,QB,Chris,Chris Streveler,Streveler,1.0199999809265137,2,6000,BUF@NYJ,NYJ,BUF,,,,,,QB
82608-169852,QB,Davis,Davis Cheek,Cheek,,,6000,CAR@CIN,CAR,CIN,,,,,,QB
82608-39829,WR,Mike,Mike Williams,Williams,12.285714285714286,7,6000,LAC@ATL,LAC,ATL,O,Ankle,,,,WR/FLEX
82608-29605,QB,Matt,Matt Barkley,Barkley,,,6000,BUF@NYJ,BUF,NYJ,,,,,,QB
82608-33702,QB,Ryan,Ryan Griffin,Griffin,,,6000,LAR@TB,TB,LAR,,,,,,QB
82608-93103,QB,E.J.,E.J. Perry,Perry,,,6000,LV@JAC,JAC,LV,,,,,,QB
82608-38837,QB,Danny,Danny Etling,Etling,,,6000,GB@DET,GB,DET,,,,,,QB
82608-70603,RB,Devin,Devin Singletary,Singletary,9.442856924874443,7,6000,BUF@NYJ,BUF,NYJ,,,,,,RB/FLEX
82608-56286,QB,Trace,Trace McSorley,McSorley,2.4800000190734863,1,6000,SEA@ARI,ARI,SEA,,,,,,QB
82608-63625,RB,Nyheim,Nyheim Hines,Hines,5.842857360839844,7,5900,BUF@NYJ,BUF,NYJ,,,,,,RB/FLEX
82608-93408,WR,Rondale,Rondale Moore,Moore,8.640000152587891,5,5900,SEA@ARI,ARI,SEA,,,,,,WR/FLEX
82608-73111,WR,Chase,Chase Claypool,Claypool,7.829999923706055,8,5900,MIA@CHI,CHI,MIA,,,,,,WR/FLEX
82608-90562,RB,Brian,Brian Robinson Jr.,Robinson Jr.,6.449999809265137,4,5900,MIN@WAS,WAS,MIN,,,,,,RB/FLEX
82608-64581,WR,Van,Van Jefferson,Jefferson,7.590475899832589,21,5800,LAR@TB,LAR,TB,Q,Knee,,,,WR/FLEX
82608-103564,WR,Garrett,Garrett Wilson,Wilson,8.962499618530273,8,5800,BUF@NYJ,NYJ,BUF,,,,,,WR/FLEX
82608-52897,RB,Darrel,Darrel Williams,Williams,3.8200000762939452,5,5800,SEA@ARI,ARI,SEA,IR,Hip,,,,RB/FLEX
82608-57299,TE,Gerald,Gerald Everett,Everett,8,7,5800,LAC@ATL,LAC,ATL,,,,,,TE/FLEX
82608-86229,WR,Jahan,Jahan Dotson,Dotson,11.550000190734863,4,5700,MIN@WAS,WAS,MIN,O,Hamstring,,,,WR/FLEX
82608-55552,RB,Jeff,Jeff Wilson Jr.,Wilson Jr.,8.612500190734863,8,5700,MIA@CHI,MIA,CHI,,,,,,RB/FLEX
82608-70157,RB,Darrell,Darrell Henderson Jr.,Henderson Jr.,6.971428462437221,7,5700,LAR@TB,LAR,TB,,,,,,RB/FLEX
82608-25267,WR,Mack,Mack Hollins,Hollins,9.037142617361885,7,5700,LV@JAC,LV,JAC,,,,,,WR/FLEX
82608-53097,WR,Josh,Josh Reynolds,Reynolds,8.671428680419922,7,5700,GB@DET,DET,GB,D,Back,,,,WR/FLEX
82608-112745,WR,Drake,Drake London,London,7.949999809265137,8,5600,LAC@ATL,ATL,LAC,,,,,,WR/FLEX
82608-89220,WR,Tyquan,Tyquan Thornton,Thornton,6.300000190734863,4,5600,IND@NE,NE,IND,,,,,,WR/FLEX
82608-52613,WR,Curtis,Curtis Samuel,Samuel,10.074999809265137,8,5600,MIN@WAS,WAS,MIN,,,,,,WR/FLEX
82608-70027,RB,Zack,Zack Moss,Moss,2.660000038146973,5,5600,IND@NE,IND,NE,,,,,,RB/FLEX
82608-89230,RB,Cam,Cam Akers,Akers,4.3799999237060545,5,5500,LAR@TB,LAR,TB,,,,,,RB/FLEX
82608-62628,WR,DeAndre,DeAndre Carter,Carter,5.128571646554129,7,5500,LAC@ATL,LAC,ATL,Q,Illness,,,,WR/FLEX
82608-86312,WR,Alec,Alec Pierce,Pierce,7.899999891008649,7,5500,IND@NE,IND,NE,,,,,,WR/FLEX
82608-41305,WR,Zay,Zay Jones,Jones,8,7,5500,LV@JAC,JAC,LV,,,,,,WR/FLEX
82608-45439,WR,Corey,Corey Davis,Davis,8.085714067731585,7,5500,BUF@NYJ,NYJ,BUF,O,Knee - mcl,,,,WR/FLEX
82608-53639,WR,Isaiah,Isaiah McKenzie,McKenzie,8.466666539510092,6,5500,BUF@NYJ,BUF,NYJ,,,,,,WR/FLEX
82608-91626,RB,James,James Cook,Cook,3.9285714285714284,7,5500,BUF@NYJ,BUF,NYJ,,,,,,RB/FLEX
82608-33260,WR,DeVante,DeVante Parker,Parker,6.514285496303013,7,5500,IND@NE,NE,IND,O,Knee,,,,WR/FLEX
82608-27441,RB,Damien,Damien Williams,Williams,0.20000000298023224,1,5500,LAC@ATL,ATL,LAC,IR,Ribs,,,,RB/FLEX
82608-169776,WR,Christian,Christian Watson,Watson,3.6599998474121094,5,5500,GB@DET,GB,DET,Q,Concussion,,,,WR/FLEX
82608-56265,TE,Mike,Mike Gesicki,Gesicki,7.25,8,5500,MIA@CHI,MIA,CHI,,,,,,TE/FLEX
82608-24641,WR,Sammy,Sammy Watkins,Watkins,4.875,4,5400,GB@DET,GB,DET,,,,,,WR/FLEX
82608-72776,RB,Alexander,Alexander Mattison,Mattison,5.928571428571429,7,5400,MIN@WAS,MIN,WAS,,,,,,RB/FLEX
82608-60712,TE,Foster,Foster Moreau,Moreau,5.199999809265137,4,5400,LV@JAC,LV,JAC,,,,,,TE/FLEX
82608-71105,WR,Ben,Ben Skowronek,Skowronek,6.114285605294364,7,5400,LAR@TB,LAR,TB,,,,,,WR/FLEX
82608-57986,WR,Hunter,Hunter Renfrow,Renfrow,4.720000076293945,5,5400,LV@JAC,LV,JAC,,,,,,WR/FLEX
82608-85672,WR,Terrace,Terrace Marshall Jr.,Marshall Jr.,4.949999809265137,4,5400,CAR@CIN,CAR,CIN,,,,,,WR/FLEX
82608-70422,WR,Kalif,Kalif Raymond,Raymond,4.657142639160156,7,5400,GB@DET,DET,GB,,,,,,WR/FLEX
82608-56262,WR,Parris,Parris Campbell,Campbell,7.25,8,5400,IND@NE,IND,NE,,,,,,WR/FLEX
82608-30678,WR,Damiere,Damiere Byrd,Byrd,7.050000190734863,4,5400,LAC@ATL,ATL,LAC,,,,,,WR/FLEX
82608-63855,WR,K.J.,K.J. Osborn,Osborn,5.842857360839844,7,5300,MIN@WAS,MIN,WAS,,,,,,WR/FLEX
82608-56698,WR,Dante,Dante Pettis,Pettis,5.057143075125558,7,5300,MIA@CHI,CHI,MIA,,,,,,WR/FLEX
82608-32243,WR,Marquise,Marquise Goodwin,Goodwin,6.150000254313151,6,5300,SEA@ARI,SEA,ARI,O,Groin,,,,WR/FLEX
82608-64031,TE,Hayden,Hayden Hurst,Hurst,6.912499904632568,8,5300,CAR@CIN,CIN,CAR,,,,,,TE/FLEX
82608-22103,WR,Marvin,Marvin Jones Jr.,Jones Jr.,6.214285714285714,7,5300,LV@JAC,JAC,LV,,,,,,WR/FLEX
82608-137902,RB,Rachaad,Rachaad White,White,4.287499904632568,8,5300,LAR@TB,TB,LAR,,,,,,RB/FLEX
82608-91971,RB,Ronnie,Ronnie Rivers,Rivers,3.75,2,5300,LAR@TB,LAR,TB,,,,,,RB/FLEX
82608-14190,WR,Julio,Julio Jones,Jones,6.799999872843425,3,5300,LAR@TB,TB,LAR,,,,,,WR/FLEX
82608-60451,TE,Tyler,Tyler Conklin,Conklin,8.125,8,5200,BUF@NYJ,NYJ,BUF,,,,,,TE/FLEX
82608-64841,WR,Equanimeous,Equanimeous St. Brown,St. Brown,4.037499904632568,8,5200,MIA@CHI,CHI,MIA,,,,,,WR/FLEX
82608-32234,RB,Malcolm,Malcolm Brown,Brown,2.1500000953674316,2,5200,LAR@TB,LAR,TB,,,,,,RB/FLEX
82608-86518,WR,Khalil,Khalil Shakir,Shakir,4.040000152587891,5,5200,BUF@NYJ,BUF,NYJ,,,,,,WR/FLEX
82608-52916,WR,Russell,Russell Gage,Gage,6.228571210588727,7,5200,LAR@TB,TB,LAR,O,Hamstring,,,,WR/FLEX
82608-72453,WR,Denzel,Denzel Mims,Mims,4.75,2,5200,BUF@NYJ,NYJ,BUF,,,,,,WR/FLEX
82608-41872,TE,Evan,Evan Engram,Engram,7.125,8,5200,LV@JAC,JAC,LV,,,,,,TE/FLEX
82608-64496,WR,Olamide,Olamide Zaccheaus,Zaccheaus,6.324999809265137,8,5200,LAC@ATL,ATL,LAC,,,,,,WR/FLEX
82608-29683,WR,Nelson,Nelson Agholor,Agholor,4.600000108991351,7,5200,IND@NE,NE,IND,,,,,,WR/FLEX
82608-64585,TE,Dawson,Dawson Knox,Knox,6.049999872843425,6,5100,BUF@NYJ,BUF,NYJ,,,,,,TE/FLEX
82608-55694,WR,Mike,Mike Thomas,Thomas,2.2666667302449546,3,5100,CAR@CIN,CIN,CAR,,,,,,WR/FLEX
82608-69168,WR,N'Keal,N'Keal Harry,Harry,5.650000095367432,2,5100,MIA@CHI,CHI,MIA,,,,,,WR/FLEX
82608-26251,WR,Robbie,Robbie Anderson,Anderson,4.442857197352818,7,5100,SEA@ARI,ARI,SEA,,,,,,WR/FLEX
82608-56059,WR,Trent,Trent Sherfield,Sherfield,2.9000000953674316,8,5100,MIA@CHI,MIA,CHI,,,,,,WR/FLEX
82608-87859,WR,Laviska,Laviska Shenault Jr.,Shenault Jr.,5.599999904632568,4,5100,CAR@CIN,CAR,CIN,,,,,,WR/FLEX
82608-52345,WR,Brandon,Brandon Powell,Powell,1.6714285441807337,7,5000,LAR@TB,LAR,TB,,,,,,WR/FLEX
82608-24755,WR,Jamison,Jamison Crowder,Crowder,2.25,4,5000,BUF@NYJ,BUF,NYJ,IR,Ankle,,,,WR/FLEX
82608-12526,D,Buffalo,Buffalo Bills,Bills,10.714285714285714,7,5000,BUF@NYJ,BUF,NYJ,,,,,,DEF
82608-80289,WR,Kendrick,Kendrick Bourne,Bourne,3.2142857142857144,7,5000,IND@NE,NE,IND,,,,,,WR/FLEX
82608-80353,TE,Robert,Robert Tonyan,Tonyan,6.512499809265137,8,5000,GB@DET,GB,DET,,,,,,TE/FLEX
82608-88575,WR,Elijah,Elijah Moore,Moore,4.649999936421712,6,5000,BUF@NYJ,NYJ,BUF,,,,,,WR/FLEX
82608-91677,WR,Shi,Shi Smith,Smith,1.8125,8,5000,CAR@CIN,CAR,CIN,,,,,,WR/FLEX
82608-86687,WR,Marquise,Marquise Brown,Brown,14.666666666666666,6,5000,SEA@ARI,ARI,SEA,IR,Foot,,,,WR/FLEX
82608-69295,WR,Byron,Byron Pringle,Pringle,2.1500000953674316,2,5000,MIA@CHI,CHI,MIA,IR,Calf,,,,WR/FLEX
82608-52917,WR,DJ,DJ Chark Jr.,Chark Jr.,6.433333079020183,3,5000,GB@DET,DET,GB,IR,Ankle,,,,WR/FLEX
82608-26355,TE,Logan,Logan Thomas,Thomas,5.775000095367432,4,5000,MIN@WAS,WAS,MIN,,,,,,TE/FLEX
82608-14187,WR,A.J.,A.J. Green,Green,2.1000000635782876,6,5000,SEA@ARI,ARI,SEA,,,,,,WR/FLEX
82608-14257,WR,Randall,Randall Cobb,Cobb,5.783333460489909,6,5000,GB@DET,GB,DET,IR,Ankle,,,,WR/FLEX
82608-93134,RB,Deon,Deon Jackson,Jackson,6.759999847412109,5,5000,IND@NE,IND,NE,,,,,,RB/FLEX
82608-72725,TE,Irv,Irv Smith Jr.,Smith Jr.,5.685714176722935,7,4900,MIN@WAS,MIN,WAS,IR,Ankle,,,,TE/FLEX
82608-65724,RB,JaMycal,JaMycal Hasty,Hasty,3.1000000635782876,6,4900,LV@JAC,JAC,LV,,,,,,RB/FLEX
82608-12541,D,New England,New England Patriots,Patriots,9.5,8,4900,IND@NE,NE,IND,,,,,,DEF
82608-52495,WR,Braxton,Braxton Berrios,Berrios,4.510000228881836,8,4900,BUF@NYJ,NYJ,BUF,,,,,,WR/FLEX
82608-92545,RB,Keaontay,Keaontay Ingram,Ingram,5.699999809265137,2,4900,SEA@ARI,ARI,SEA,,,,,,RB/FLEX
82608-56708,TE,Will,Will Dissly,Dissly,6.137499809265137,8,4900,SEA@ARI,SEA,ARI,,,,,,TE/FLEX
82608-53640,RB,Sony,Sony Michel,Michel,2.6999999455043246,7,4900,LAC@ATL,LAC,ATL,,,,,,RB/FLEX
82608-43416,WR,Trent,Trent Taylor,Taylor,-0.14285714285714285,7,4900,CAR@CIN,CIN,CAR,,,,,,WR/FLEX
82608-73130,RB,Chris,Chris Evans,Evans,0.6666666666666666,6,4900,CAR@CIN,CIN,CAR,,,,,,RB/FLEX
82608-27229,RB,Ameer,Ameer Abdullah,Abdullah,1.3285714558192663,7,4900,LV@JAC,LV,JAC,,,,,,RB/FLEX
82608-89785,RB,Spencer,Spencer Brown,Brown,2.700000047683716,1,4900,CAR@CIN,CAR,CIN,,,,,,RB/FLEX
82608-92976,WR,Tutu,Tutu Atwell,Atwell,1.7000000476837158,4,4900,LAR@TB,LAR,TB,,,,,,WR/FLEX
82608-89970,WR,Amari,Amari Rodgers,Rodgers,0.625,8,4900,GB@DET,GB,DET,,,,,,WR/FLEX
82608-69581,WR,Cedrick,Cedrick Wilson Jr.,Wilson Jr.,1.3600000381469726,5,4900,MIA@CHI,MIA,CHI,,,,,,WR/FLEX
82608-104424,RB,Craig,Craig Reynolds,Reynolds,4.383333206176758,6,4900,GB@DET,DET,GB,,,,,,RB/FLEX
82608-41997,WR,River,River Cracraft,Cracraft,2.8600000381469726,5,4800,MIA@CHI,MIA,CHI,O,Illness,,,,WR/FLEX
82608-71705,TE,Noah,Noah Fant,Fant,4.324999809265137,8,4800,SEA@ARI,SEA,ARI,,,,,,TE/FLEX
82608-29734,RB,Ty,Ty Montgomery,Montgomery,8.800000190734863,1,4800,IND@NE,NE,IND,IR,Knee,,,,RB/FLEX
82608-79979,WR,Jamal,Jamal Agnew,Agnew,4.366666793823242,6,4800,LV@JAC,JAC,LV,Q,Knee,,,,WR/FLEX
82608-89209,RB,Trestan,Trestan Ebner,Ebner,0.7333333492279053,6,4800,MIA@CHI,CHI,MIA,,,,,,RB/FLEX
82608-79998,WR,Keelan,Keelan Cole,Cole,1.4249999523162842,4,4800,LV@JAC,LV,JAC,,,,,,WR/FLEX
82608-43334,RB,J.D.,J.D. McKissic,McKissic,5.287499904632568,8,4800,MIN@WAS,WAS,MIN,O,Neck,,,,RB/FLEX
82608-93538,WR,Dyami,Dyami Brown,Brown,8.200000127156576,3,4800,MIN@WAS,WAS,MIN,,,,,,WR/FLEX
82608-72182,WR,Dee,Dee Eskridge,Eskridge,1.471428598676409,7,4800,SEA@ARI,SEA,ARI,,,,,,WR/FLEX
82608-69276,WR,Bryan,Bryan Edwards,Edwards,0.75,4,4800,LAC@ATL,ATL,LAC,,,,,,WR/FLEX
82608-91872,RB,Joshua,Joshua Kelley,Kelley,5.1,5,4800,LAC@ATL,LAC,ATL,IR,Knee - mcl,,,,RB/FLEX
82608-71444,RB,Travis,Travis Homer,Homer,2.674999952316284,4,4800,SEA@ARI,SEA,ARI,,,,,,RB/FLEX
82608-86811,TE,Cade,Cade Otton,Otton,4.466666539510091,6,4800,LAR@TB,TB,LAR,,,,,,TE/FLEX
82608-61273,WR,Scotty,Scotty Miller,Miller,3.2,5,4800,LAR@TB,TB,LAR,,,,,,WR/FLEX
82608-70661,WR,Velus,Velus Jones Jr.,Jones Jr.,2.5,4,4700,MIA@CHI,CHI,MIA,,,,,,WR/FLEX
82608-54472,WR,Cam,Cam Sims,Sims,1.099999984105428,6,4700,MIN@WAS,WAS,MIN,,,,,,WR/FLEX
82608-12551,D,Tampa Bay,Tampa Bay Buccaneers,Buccaneers,7.625,8,4700,LAR@TB,TB,LAR,,,,,,DEF
82608-85306,WR,KhaDarel,KhaDarel Hodge,Hodge,4.699999809265137,4,4700,LAC@ATL,ATL,LAC,,,,,,WR/FLEX
82608-22898,RB,Brandon,Brandon Bolden,Bolden,4.550000190734863,4,4700,LV@JAC,LV,JAC,,,,,,RB/FLEX
82608-64905,WR,Trenton,Trenton Irwin,Irwin,3.700000047683716,1,4700,CAR@CIN,CIN,CAR,,,,,,WR/FLEX
82608-34295,WR,Breshad,Breshad Perriman,Perriman,3.3599998474121096,5,4700,LAR@TB,TB,LAR,,,,,,WR/FLEX
82608-60930,RB,Myles,Myles Gaskin,Gaskin,4.800000190734863,1,4700,MIA@CHI,MIA,CHI,,,,,,RB/FLEX
82608-63050,RB,Ty,Ty Johnson,Johnson,0.5800000190734863,5,4700,BUF@NYJ,NYJ,BUF,,,,,,RB/FLEX
82608-104297,WR,Jason,Jason Moore Jr.,Moore Jr.,1,1,4700,LAC@ATL,LAC,ATL,,,,,,WR/FLEX
82608-94087,RB,DeeJay,DeeJay Dallas,Dallas,1.3125,8,4700,SEA@ARI,SEA,ARI,,,,,,RB/FLEX
82608-40845,TE,Hunter,Hunter Henry,Henry,4.0625,8,4700,IND@NE,NE,IND,,,,,,TE/FLEX
82608-91047,TE,Cole,Cole Kmet,Kmet,3.612499952316284,8,4700,MIA@CHI,CHI,MIA,,,,,,TE/FLEX
82608-69558,WR,Greg,Greg Dortch,Dortch,5.525000095367432,8,4700,SEA@ARI,ARI,SEA,,,,,,WR/FLEX
82608-104388,WR,Tom,Tom Kennedy,Kennedy,3.1000000635782876,3,4700,GB@DET,DET,GB,,,,,,WR/FLEX
82608-27671,WR,Jake,Jake Kumerow,Kumerow,2.7999998728434243,3,4600,BUF@NYJ,BUF,NYJ,,,,,,WR/FLEX
82608-154661,WR,Michael,Michael Bandy,Bandy,2.2666667302449546,3,4600,LAC@ATL,LAC,ATL,,,,,,WR/FLEX
82608-152631,WR,Samori,Samori Toure,Toure,5.550000190734863,2,4600,GB@DET,GB,DET,,,,,,WR/FLEX
82608-72772,RB,Avery,Avery Williams,Williams,2.325000047683716,8,4600,LAC@ATL,ATL,LAC,,,,,,RB/FLEX
82608-149710,WR,Mike,Mike Strachan,Strachan,1.850000023841858,4,4600,IND@NE,IND,NE,,,,,,WR/FLEX
82608-93404,RB,Zander,Zander Horvath,Horvath,2.5333333015441895,6,4600,LAC@ATL,LAC,ATL,,,,,,RB/FLEX
82608-63717,RB,Alec,Alec Ingold,Ingold,2.6799999237060548,5,4600,MIA@CHI,MIA,CHI,,,,,,RB/FLEX
82608-29949,WR,Marvin,Marvin Hall,Hall,1.5,1,4600,LV@JAC,JAC,LV,,,,,,WR/FLEX
82608-90408,WR,Dax,Dax Milne,Milne,0.699999988079071,8,4600,MIN@WAS,WAS,MIN,,,,,,WR/FLEX
82608-89437,WR,Tim,Tim Jones,Jones,1.2333333492279053,3,4600,LV@JAC,JAC,LV,,,,,,WR/FLEX
82608-102762,RB,Kevin,Kevin Harris,Harris,0.5,1,4600,IND@NE,NE,IND,,,,,,RB/FLEX
82608-71031,WR,Lil'Jordan,Lil'Jordan Humphrey,Humphrey,1,3,4600,IND@NE,NE,IND,,,,,,WR/FLEX
82608-73121,RB,Tony,Tony Jones Jr.,Jones Jr.,3,1,4600,SEA@ARI,SEA,ARI,,,,,,RB/FLEX
82608-94625,WR,Jalen,Jalen Reagor,Reagor,1.4571428298950195,7,4600,MIN@WAS,MIN,WAS,,,,,,WR/FLEX
82608-60838,WR,Andre,Andre Baccellia,Baccellia,2.25,2,4600,SEA@ARI,ARI,SEA,,,,,,WR/FLEX
82608-72103,RB,Trey,Trey Ragas,Ragas,2.5,1,4600,LAR@TB,LAR,TB,Q,Undisclosed,,,,RB/FLEX
82608-92590,RB,Raheem,Raheem Blackshear,Blackshear,-0.10000000149011612,4,4600,CAR@CIN,CAR,CIN,,,,,,RB/FLEX
82608-114100,RB,Isaiah,Isaiah Spiller,Spiller,-0.5,1,4600,LAC@ATL,LAC,ATL,,,,,,RB/FLEX
82608-91578,RB,Zamir,Zamir White,White,0.5249999761581421,4,4600,LV@JAC,LV,JAC,,,,,,RB/FLEX
82608-72133,WR,Antoine,Antoine Wesley,Wesley,5.588888804117839,9,4600,SEA@ARI,ARI,SEA,IR,Quadriceps,,,,WR/FLEX
82608-41426,RB,Phillip,Phillip Lindsay,Lindsay,5.800000190734863,2,4600,IND@NE,IND,NE,,,,,,RB/FLEX
82608-73247,RB,Kene,Kene Nwangwu,Nwangwu,0,5,4600,MIN@WAS,MIN,WAS,,,,,,RB/FLEX
82608-88607,WR,Braylon,Braylon Sanders,Sanders,0.699999988079071,1,4600,MIA@CHI,MIA,CHI,,,,,,WR/FLEX
82608-160306,RB,Pierre,Pierre Strong Jr.,Strong Jr.,0.25,2,4600,IND@NE,NE,IND,Q,Hamstring,,,,RB/FLEX
82608-63078,RB,Ke'Shawn,Ke'Shawn Vaughn,Vaughn,6.828571319580078,7,4600,LAR@TB,TB,LAR,,,,,,RB/FLEX
82608-70383,RB,Darrynton,Darrynton Evans,Evans,2.799999952316284,1,4600,MIA@CHI,CHI,MIA,,,,,,RB/FLEX
82608-69383,WR,Dezmon,Dezmon Patmon,Patmon,3.4000000953674316,1,4600,IND@NE,IND,NE,,,,,,WR/FLEX
82608-70426,RB,Reggie,Reggie Gilliam,Gilliam,5.066666603088379,3,4600,BUF@NYJ,BUF,NYJ,,,,,,RB/FLEX
82608-56142,WR,Juwann,Juwann Winfree,Winfree,0.7333333492279053,3,4600,GB@DET,GB,DET,,,,,,WR/FLEX
82608-64350,WR,Jeff,Jeff Smith,Smith,1.3199999809265137,5,4600,BUF@NYJ,NYJ,BUF,,,,,,WR/FLEX
82608-55165,RB,Justin,Justin Jackson,Jackson,1.8600000381469726,5,4600,GB@DET,DET,GB,,,,,,RB/FLEX
82608-72627,RB,Patrick,Patrick Taylor,Taylor,4.050000190734863,4,4600,GB@DET,GB,DET,,,,,,RB/FLEX
82608-92093,WR,Jaelon,Jaelon Darden,Darden,0.5428571360451835,7,4600,LAR@TB,TB,LAR,,,,,,WR/FLEX
82608-24533,TE,Mo,Mo Alie-Cox,Alie-Cox,5.183333396911621,6,4600,IND@NE,IND,NE,,,,,,TE/FLEX
82608-63447,WR,Penny,Penny Hart,Hart,2,1,4600,SEA@ARI,SEA,ARI,Q,Hamstring,,,,WR/FLEX
82608-93187,RB,D'vonte,D'vonte Price,Price,,,4500,IND@NE,IND,NE,,,,,,RB/FLEX
82608-169990,WR,Cyrus,Cyrus Holder,Holder,,,4500,MIA@CHI,CHI,MIA,,,,,,WR/FLEX
82608-169991,WR,Landon,Landon Lenoir,Lenoir,,,4500,MIA@CHI,CHI,MIA,,,,,,WR/FLEX
82608-70663,WR,Frank,Frank Darby,Darby,0.949999988079071,2,4500,LAC@ATL,ATL,LAC,,,,,,WR/FLEX
82608-169989,WR,Henry,Henry Litwin,Litwin,,,4500,MIA@CHI,CHI,MIA,,,,,,WR/FLEX
82608-111631,WR,Jameson,Jameson Williams,Williams,,,4500,GB@DET,DET,GB,IR,Knee - acl,,,,WR/FLEX
82608-55323,RB,Jaylen,Jaylen Samuels,Samuels,1.2666666507720947,3,4500,SEA@ARI,ARI,SEA,,,,,,RB/FLEX
82608-56356,WR,Isaiah,Isaiah Ford,Ford,3.4099998474121094,10,4500,IND@NE,IND,NE,,,,,,WR/FLEX
82608-89127,WR,Justin,Justin Hall,Hall,,,4500,LV@JAC,LV,JAC,,,,,,WR/FLEX
82608-133163,WR,Ra'Shaun,Ra'Shaun Henry,Henry,,,4500,LAC@ATL,ATL,LAC,,,,,,WR/FLEX
82608-64555,WR,Calvin,Calvin Ridley,Ridley,11.11999969482422,5,4500,LV@JAC,JAC,LV,IR,Suspension,,,,WR/FLEX
82608-79920,WR,Cyril,Cyril Grayson Jr.,Grayson Jr.,13.199999491373697,3,4500,LAR@TB,TB,LAR,,,,,,WR/FLEX
82608-63550,WR,Isaiah,Isaiah Zuber,Zuber,,,4500,LV@JAC,LV,JAC,,,,,,WR/FLEX
82608-94277,WR,Thomas,Thomas Hennigan,Hennigan,,,4500,MIN@WAS,MIN,WAS,IR,Undisclosed,,,,WR/FLEX
82608-27721,WR,Justin,Justin Hardee Sr.,Hardee Sr.,0,1,4500,BUF@NYJ,NYJ,BUF,,,,,,WR/FLEX
82608-87112,WR,Josh,Josh Ali,Ali,,,4500,LAC@ATL,ATL,LAC,,,,,,WR/FLEX
82608-71756,WR,Aaron,Aaron Fuller,Fuller,,,4500,SEA@ARI,SEA,ARI,,,,,,WR/FLEX
82608-72780,RB,Josh,Josh Hokit,Hokit,,,4500,SEA@ARI,ARI,SEA,,,,,,RB/FLEX
82608-68686,WR,C.J.,C.J. Saunders,Saunders,2.0999999046325684,1,4500,CAR@CIN,CAR,CIN,,,,,,WR/FLEX
82608-41042,WR,Marcell,Marcell Ateman,Ateman,,,4500,SEA@ARI,ARI,SEA,,,,,,WR/FLEX
82608-87122,WR,Lynn,Lynn Bowden Jr.,Bowden Jr.,,,4500,IND@NE,NE,IND,,,,,,WR/FLEX
82608-89172,RB,John,John Lovett,Lovett,,,4500,CAR@CIN,CAR,CIN,,,,,,RB/FLEX
82608-57432,WR,Cameron,Cameron Batson,Batson,2.5,4,4500,LAC@ATL,ATL,LAC,,,,,,WR/FLEX
82608-91225,RB,Kylin,Kylin Hill,Hill,0.42500001192092896,8,4500,GB@DET,GB,DET,,,,,,RB/FLEX
82608-65627,WR,Maurice,Maurice Alexander,Alexander,0.40000001589457196,3,4500,GB@DET,DET,GB,Q,Ankle,,,,WR/FLEX
82608-94310,WR,Malik,Malik Williams,Williams,,,4500,BUF@NYJ,BUF,NYJ,,,,,,WR/FLEX
82608-79982,RB,Alex,Alex Armah,Armah,1.4499999682108562,6,4500,MIN@WAS,WAS,MIN,,,,,,RB/FLEX
82608-79987,WR,David,David Moore,Moore,0,2,4500,MIA@CHI,CHI,MIA,Q,Lower leg,,,,WR/FLEX
82608-63603,WR,Jared,Jared Pinkney,Pinkney,,,4500,LAR@TB,LAR,TB,,,,,,WR/FLEX
82608-64627,WR,Scotty,Scotty Washington,Washington,,,4500,IND@NE,NE,IND,,,,,,WR/FLEX
82608-55414,WR,Cody,Cody Thompson,Thompson,,,4500,SEA@ARI,SEA,ARI,IR,Shoulder,,,,WR/FLEX
82608-84101,WR,Vyncint,Vyncint Smith,Smith,0,1,4500,IND@NE,IND,NE,,,,,,WR/FLEX
82608-69769,RB,Darius,Darius Bradwell,Bradwell,0,1,4500,CAR@CIN,CAR,CIN,,,,,,RB/FLEX
82608-71821,WR,Joe,Joe Reed,Reed,,,4500,LAC@ATL,LAC,ATL,,,,,,WR/FLEX
82608-111756,WR,JaVonta,JaVonta Payton,Payton,,,4500,SEA@ARI,ARI,SEA,,,,,,WR/FLEX
82608-83086,WR,Daurice,Daurice Fountain,Fountain,,,4500,MIA@CHI,CHI,MIA,,,,,,WR/FLEX
82608-86173,RB,Mekhi,Mekhi Sargent,Sargent,0.2750000059604645,4,4500,LV@JAC,JAC,LV,,,,,,RB/FLEX
82608-84137,WR,Deontez,Deontez Alexander,Alexander,,,4500,SEA@ARI,SEA,ARI,,,,,,WR/FLEX
82608-61610,RB,Jacques,Jacques Patrick,Patrick,1.2000000476837158,1,4500,CAR@CIN,CIN,CAR,,,,,,RB/FLEX
82608-105648,RB,Tyler,Tyler Goodson,Goodson,,,4500,GB@DET,GB,DET,,,,,,RB/FLEX
82608-52409,RB,Jakob,Jakob Johnson,Johnson,0.800000011920929,2,4500,LV@JAC,LV,JAC,,,,,,RB/FLEX
82608-89272,RB,ZaQuandre,ZaQuandre White,White,,,4500,MIA@CHI,MIA,CHI,,,,,,RB/FLEX
82608-61631,WR,Bisi,Bisi Johnson,Johnson,,,4500,MIN@WAS,MIN,WAS,IR,Knee - acl,,,,WR/FLEX
82608-40148,WR,Ishmael,Ishmael Hyman,Hyman,,,4500,GB@DET,GB,DET,Q,Undisclosed,,,,WR/FLEX
82608-48344,WR,Albert,Albert Wilson,Wilson,3.55,10,4500,LV@JAC,LV,JAC,,,,,,WR/FLEX
82608-130265,WR,John,John Hurst,Hurst,,,4500,IND@NE,IND,NE,Q,Ankle,,,,WR/FLEX
82608-57565,RB,Austin,Austin Walter,Walter,4.5,4,4500,LV@JAC,LV,JAC,,,,,,RB/FLEX
82608-95455,WR,D.J.,D.J. Montgomery,Montgomery,5.099999904632568,1,4500,IND@NE,IND,NE,,,,,,WR/FLEX
82608-130275,WR,Kristian,Kristian Wilkerson,Wilkerson,18.200000762939453,1,4500,IND@NE,NE,IND,IR,Concussion,,,,WR/FLEX
82608-130274,WR,Isaiah,Isaiah Coulter,Coulter,0,1,4500,BUF@NYJ,BUF,NYJ,,,,,,WR/FLEX
82608-69860,RB,Trayveon,Trayveon Williams,Williams,3,2,4500,CAR@CIN,CIN,CAR,,,,,,RB/FLEX
82608-130279,WR,Matt,Matt Cole,Cole,,,4500,MIN@WAS,WAS,MIN,,,,,,WR/FLEX
82608-170219,WR,Kevin,Kevin Kassis,Kassis,,,4500,SEA@ARI,SEA,ARI,,,,,,WR/FLEX
82608-28907,WR,Alex,Alex Erickson,Erickson,0.5833333333333334,12,4500,MIN@WAS,WAS,MIN,,,,,,WR/FLEX
82608-25837,RB,Duke,Duke Johnson,Johnson,11.419999694824218,5,4500,BUF@NYJ,BUF,NYJ,,,,,,RB/FLEX
82608-70892,RB,A.J.,A.J. Rose Jr.,Rose Jr.,,,4500,LAR@TB,LAR,TB,,,,,,RB/FLEX
82608-11504,WR,Andre,Andre Roberts,Roberts,0,1,4500,CAR@CIN,CAR,CIN,IR,Knee - pcl,,,,WR/FLEX
82608-94453,RB,Darwin,Darwin Thompson,Thompson,,,4500,SEA@ARI,SEA,ARI,,,,,,RB/FLEX
82608-45307,WR,Rodney,Rodney Adams,Adams,0,1,4500,BUF@NYJ,NYJ,BUF,IR,Illness,,,,WR/FLEX
82608-12540,D,Minnesota,Minnesota Vikings,Vikings,7.714285714285714,7,4500,MIN@WAS,MIN,WAS,,,,,,DEF
82608-71935,WR,Kendric,Kendric Pryor,Pryor,,,4500,LV@JAC,JAC,LV,,,,,,WR/FLEX
82608-130309,WR,J.J.,J.J. Koski,Koski,-0.6666666666666666,3,4500,LAR@TB,LAR,TB,IR,Shoulder,,,,WR/FLEX
82608-94468,WR,Savon,Savon Scarver,Scarver,,,4500,MIA@CHI,CHI,MIA,,,,,,WR/FLEX
82608-90380,WR,Neil,Neil Pau'u,Pau'u,,,4500,BUF@NYJ,BUF,NYJ,,,,,,WR/FLEX
82608-94481,WR,Deven,Deven Thompkins,Thompkins,,,4500,LAR@TB,TB,LAR,,,,,,WR/FLEX
82608-64786,RB,Ryquell,Ryquell Armstead,Armstead,5.550000190734863,2,4500,LV@JAC,JAC,LV,,,,,,RB/FLEX
82608-71957,WR,Quintez,Quintez Cephus,Cephus,2.5,1,4500,GB@DET,DET,GB,IR,Foot,,,,WR/FLEX
82608-130338,WR,Rysen,Rysen John,John,,,4500,MIA@CHI,CHI,MIA,,,,,,WR/FLEX
82608-91428,WR,Tarik,Tarik Black,Black,1.5,1,4500,BUF@NYJ,NYJ,BUF,,,,,,WR/FLEX
82608-46374,WR,Tanner,Tanner Gentry,Gentry,0,1,4500,BUF@NYJ,BUF,NYJ,,,,,,WR/FLEX
82608-130343,WR,Jeff,Jeff Cotton Jr.,Cotton Jr.,,,4500,SEA@ARI,ARI,SEA,,,,,,WR/FLEX
82608-89384,WR,DeMichael,DeMichael Harris,Harris,,,4500,IND@NE,IND,NE,,,,,,WR/FLEX
82608-87338,WR,Jaivon,Jaivon Heiligh,Heiligh,,,4500,CAR@CIN,CIN,CAR,,,,,,WR/FLEX
82608-111917,WR,Keshunn,Keshunn Abram,Abram,,,4500,BUF@NYJ,NYJ,BUF,,,,,,WR/FLEX
82608-130350,WR,Jaylon,Jaylon Moore,Moore,,,4500,LV@JAC,JAC,LV,,,,,,WR/FLEX
82608-57651,WR,Travis,Travis Fulgham,Fulgham,,,4500,GB@DET,GB,DET,,,,,,WR/FLEX
82608-64828,WR,Chris,Chris Finke,Finke,,,4500,MIA@CHI,CHI,MIA,,,,,,WR/FLEX
82608-64835,RB,Dexter,Dexter Williams,Williams,,,4500,GB@DET,GB,DET,,,,,,RB/FLEX
82608-102729,RB,Snoop,Snoop Conner,Conner,,,4500,LV@JAC,JAC,LV,,,,,,RB/FLEX
82608-87371,RB,Ty,Ty Chandler,Chandler,,,4500,MIN@WAS,MIN,WAS,IR,Thumb,,,,RB/FLEX
82608-64843,WR,Jalen,Jalen Guyton,Guyton,3.700000047683716,2,4500,LAC@ATL,LAC,ATL,IR,Knee - acl,,,,WR/FLEX
82608-52560,WR,Geronimo,Geronimo Allison,Allison,0,1,4500,LAC@ATL,ATL,LAC,,,,,,WR/FLEX
82608-103764,WR,Jared,Jared Smart,Smart,,,4500,SEA@ARI,ARI,SEA,,,,,,WR/FLEX
82608-73046,WR,Tre,Tre Nixon,Nixon,,,4500,IND@NE,NE,IND,,,,,,WR/FLEX
82608-88430,RB,CJ,CJ Verdell,Verdell,,,4500,IND@NE,IND,NE,,,,,,RB/FLEX
82608-91504,WR,Blake,Blake Proehl,Proehl,,,4500,MIN@WAS,MIN,WAS,,,,,,WR/FLEX
82608-71039,WR,Kelvin,Kelvin Harmon,Harmon,,,4500,MIN@WAS,WAS,MIN,,,,,,WR/FLEX
82608-73088,WR,Kekoa,Kekoa Crawford,Crawford,,,4500,IND@NE,IND,NE,,,,,,WR/FLEX
82608-73095,WR,Samson,Samson Nacua,Nacua,,,4500,IND@NE,IND,NE,,,,,,WR/FLEX
82608-64907,WR,J.J.,J.J. Arcega-Whiteside,Arcega-Whiteside,1.149999976158142,4,4500,SEA@ARI,SEA,ARI,,,,,,WR/FLEX
82608-56716,WR,Brayden,Brayden Lenius,Lenius,,,4500,LAC@ATL,ATL,LAC,,,,,,WR/FLEX
82608-47501,WR,Marken,Marken Michel,Michel,,,4500,MIN@WAS,WAS,MIN,,,,,,WR/FLEX
82608-72091,RB,Raymond,Raymond Calais,Calais,,,4500,LAR@TB,LAR,TB,,,,,,RB/FLEX
82608-93594,RB,Leddie,Leddie Brown,Brown,,,4500,LAC@ATL,LAC,ATL,,,,,,RB/FLEX
82608-64926,WR,Michael,Michael Jacquet III,Jacquet III,,,4500,LAC@ATL,LAC,ATL,,,,,,WR/FLEX
82608-47523,WR,Tajae,Tajae Sharpe,Sharpe,2.5357142857142856,14,4500,MIA@CHI,CHI,MIA,,,,,,WR/FLEX
82608-111012,WR,Kaylon,Kaylon Geiger Sr.,Geiger Sr.,,,4500,LAR@TB,TB,LAR,,,,,,WR/FLEX
82608-87469,TE,Jelani,Jelani Woods,Woods,5.740000152587891,5,4500,IND@NE,IND,NE,,,,,,TE/FLEX
82608-60849,WR,Blake,Blake Lynch,Lynch,,,4500,SEA@ARI,ARI,SEA,,,,,,WR/FLEX
82608-40371,TE,Johnny,Johnny Mundt,Mundt,2.8000000544956754,7,4500,MIN@WAS,MIN,WAS,,,,,,TE/FLEX
82608-72122,WR,Jake,Jake Herslow,Herslow,,,4500,SEA@ARI,SEA,ARI,,,,,,WR/FLEX
82608-92606,WR,Bo,Bo Melton,Melton,,,4500,SEA@ARI,SEA,ARI,,,,,,WR/FLEX
82608-55750,WR,Chris,Chris Lacy,Lacy,,,4500,LV@JAC,LV,JAC,,,,,,WR/FLEX
82608-86472,WR,John,John Hightower,Hightower,0,1,4500,LAC@ATL,LAC,ATL,,,,,,WR/FLEX
82608-96714,WR,Travis,Travis Toivonen,Toivonen,,,4500,MIN@WAS,MIN,WAS,,,,,,WR/FLEX
82608-88525,WR,Kawaan,Kawaan Baker,Baker,,,4500,GB@DET,GB,DET,,,,,,WR/FLEX
82608-69068,RB,Jonathan,Jonathan Ward,Ward,1.3666666348775227,6,4500,SEA@ARI,ARI,SEA,IR,Hamstring,,,,RB/FLEX
82608-31184,RB,Jonathan,Jonathan Williams,Williams,1.8000000317891438,3,4500,MIN@WAS,WAS,MIN,,,,,,RB/FLEX
82608-103896,WR,Nsimba,Nsimba Webster,Webster,0,3,4500,MIA@CHI,CHI,MIA,,,,,,WR/FLEX
82608-14820,RB,Nick,Nick Bellore,Bellore,0.8999999761581421,1,4500,SEA@ARI,SEA,ARI,,,,,,RB/FLEX
82608-72174,WR,Andrew,Andrew Parchment,Parchment,,,4500,CAR@CIN,CAR,CIN,Q,Undisclosed,,,,WR/FLEX
82608-57840,RB,Rashaad,Rashaad Penny,Penny,10.04000015258789,5,4500,SEA@ARI,SEA,ARI,IR,Ankle,,,,RB/FLEX
82608-113138,WR,Talolo,Talolo Limu-Jones,Limu-Jones,,,4500,CAR@CIN,CAR,CIN,,,,,,WR/FLEX
82608-62967,WR,Preston,Preston Williams,Williams,1.8000000317891438,6,4500,CAR@CIN,CAR,CIN,,,,,,WR/FLEX
82608-103930,WR,Derek,Derek Wright,Wright,,,4500,CAR@CIN,CAR,CIN,,,,,,WR/FLEX
82608-54782,TE,Cameron,Cameron Brate,Brate,3.5799999237060547,5,4500,LAR@TB,TB,LAR,O,Neck,,,,TE/FLEX
82608-22018,WR,Mohamed,Mohamed Sanu Sr.,Sanu Sr.,3.1500000953674316,8,4500,MIA@CHI,MIA,CHI,,,,,,WR/FLEX
82608-86543,WR,Erik,Erik Ezukanma,Ezukanma,,,4500,MIA@CHI,MIA,CHI,,,,,,WR/FLEX
82608-69150,WR,Jordan,Jordan Veasy,Veasy,0,1,4500,LV@JAC,LV,JAC,,,,,,WR/FLEX
82608-96798,RB,Josh,Josh Johnson,Johnson,,,4500,SEA@ARI,SEA,ARI,Q,Undisclosed,,,,RB/FLEX
82608-54817,WR,Diontae,Diontae Spencer,Spencer,-0.25333333015441895,15,4500,BUF@NYJ,NYJ,BUF,,,,,,WR/FLEX
82608-60977,RB,Ty'Son,Ty'Son Williams,Williams,5.342857360839844,7,4500,SEA@ARI,ARI,SEA,,,,,,RB/FLEX
82608-63025,RB,Nathan,Nathan Cottrell,Cottrell,0.30000001192092896,1,4500,LV@JAC,JAC,LV,Q,Undisclosed,,,,RB/FLEX
82608-128566,WR,Kameron,Kameron Brown,Brown,,,4500,LAR@TB,TB,LAR,,,,,,WR/FLEX
82608-71228,WR,Marquez,Marquez Stevenson,Stevenson,0,5,4500,BUF@NYJ,BUF,NYJ,IR,Foot,,,,WR/FLEX
82608-89663,WR,Danny,Danny Davis,Davis,,,4500,GB@DET,GB,DET,Q,Ankle,,,,WR/FLEX
82608-128574,RB,Shermari,Shermari Jones,Jones,,,4500,CAR@CIN,CIN,CAR,,,,,,RB/FLEX
82608-87617,WR,Sage,Sage Surratt,Surratt,,,4500,LAC@ATL,LAC,ATL,Q,Undisclosed,,,,WR/FLEX
82608-93767,WR,Calvin,Calvin Jackson Jr.,Jackson Jr.,,,4500,MIA@CHI,MIA,CHI,,,,,,WR/FLEX
82608-150090,WR,Cade,Cade Johnson,Johnson,,,4500,SEA@ARI,SEA,ARI,,,,,,WR/FLEX
82608-104012,WR,Ashton,Ashton Dulin,Dulin,4.6200000762939455,5,4500,IND@NE,IND,NE,IR,Foot,,,,WR/FLEX
82608-69205,WR,Trevon,Trevon Bradford,Bradford,,,4500,LAC@ATL,LAC,ATL,,,,,,WR/FLEX
82608-104025,RB,John,John Lovett,Lovett,,,4500,MIA@CHI,MIA,CHI,IR,Undisclosed,,,,RB/FLEX
82608-87649,WR,Jaquarii,Jaquarii Roberson,Roberson,,,4500,BUF@NYJ,BUF,NYJ,,,,,,WR/FLEX
82608-87657,WR,Seth,Seth Williams,Williams,3.9000000953674316,1,4500,LV@JAC,JAC,LV,,,,,,WR/FLEX
82608-104041,WR,Myron,Myron Mitchell,Mitchell,,,4500,MIN@WAS,MIN,WAS,,,,,,WR/FLEX
82608-86635,WR,Charleston,Charleston Rambo,Rambo,,,4500,CAR@CIN,CAR,CIN,,,,,,WR/FLEX
82608-86634,RB,TJ,TJ Pledger,Pledger,,,4500,SEA@ARI,ARI,SEA,,,,,,RB/FLEX
82608-88685,WR,Austin,Austin Trammell,Trammell,,,4500,LAR@TB,LAR,TB,,,,,,WR/FLEX
82608-104054,RB,Sincere,Sincere McCormick,McCormick,,,4500,LV@JAC,LV,JAC,IR,Undisclosed,,,,RB/FLEX
82608-88699,RB,Jaret,Jaret Patterson,Patterson,3.6357143947056363,14,4500,MIN@WAS,WAS,MIN,,,,,,RB/FLEX
82608-93824,WR,Easop,Easop Winston,Winston,0.3333333333333333,3,4500,SEA@ARI,SEA,ARI,,,,,,WR/FLEX
82608-88707,RB,Kevin,Kevin Marks Jr.,Marks Jr.,,,4500,LAC@ATL,LAC,ATL,,,,,,RB/FLEX
82608-55941,RB,Patrick,Patrick Laird,Laird,1.1999999682108562,3,4500,LAR@TB,TB,LAR,,,,,,RB/FLEX
82608-85636,WR,Josh,Josh Johnson,Johnson,,,4500,GB@DET,DET,GB,,,,,,WR/FLEX
82608-91783,WR,Warren,Warren Jackson,Jackson,,,4500,LAR@TB,LAR,TB,Q,Undisclosed,,,,WR/FLEX
82608-61072,WR,Stanley,Stanley Morgan,Morgan,0,1,4500,CAR@CIN,CIN,CAR,,,,,,WR/FLEX
82608-103064,RB,Breece,Breece Hall,Hall,15.085714067731585,7,4500,BUF@NYJ,NYJ,BUF,IR,Knee - acl,,,,RB/FLEX
82608-29357,RB,Kenjon,Kenjon Barner,Barner,0,3,4500,LAR@TB,TB,LAR,Q,Undisclosed,,,,RB/FLEX
82608-96942,WR,Keelan,Keelan Doss,Doss,,,4500,LAC@ATL,LAC,ATL,,,,,,WR/FLEX
82608-7856,WR,Matthew,Matthew Slater,Slater,,,4500,IND@NE,NE,IND,,,,,,WR/FLEX
82608-69296,WR,Corey,Corey Sutton,Sutton,,,4500,GB@DET,DET,GB,,,,,,WR/FLEX
82608-87731,WR,Dominique,Dominique Robinson,Robinson,,,4500,MIA@CHI,CHI,MIA,,,,,,WR/FLEX
82608-72370,RB,J.J.,J.J. Taylor,Taylor,3.3,5,4500,IND@NE,NE,IND,,,,,,RB/FLEX
82608-69303,WR,Freddie,Freddie Swain,Swain,4.352941176470588,17,4500,MIA@CHI,MIA,CHI,O,Undisclosed,,,,WR/FLEX
82608-85687,WR,Jontre,Jontre Kirklin,Kirklin,,,4500,SEA@ARI,ARI,SEA,,,,,,WR/FLEX
82608-71355,RB,Elijah,Elijah Holyfield,Holyfield,,,4500,CAR@CIN,CIN,CAR,IR,Knee,,,,RB/FLEX
82608-92859,WR,Jalen,Jalen Nailor,Nailor,1.7999999523162842,1,4500,MIN@WAS,MIN,WAS,O,Illness,,,,WR/FLEX
82608-71359,WR,Javon,Javon Wims,Wims,,,4500,SEA@ARI,ARI,SEA,,,,,,WR/FLEX
82608-69310,WR,Josh,Josh Hammond,Hammond,,,4500,IND@NE,NE,IND,,,,,,WR/FLEX
82608-72382,RB,Gabe,Gabe Nabers,Nabers,0.8,5,4500,LAC@ATL,LAC,ATL,,,,,,RB/FLEX
82608-139971,WR,Jerreth,Jerreth Sterns,Sterns,,,4500,LAR@TB,TB,LAR,,,,,,WR/FLEX
82608-71367,RB,La'Mical,La'Mical Perine,Perine,1.5499999523162842,2,4500,MIA@CHI,MIA,CHI,,,,,,RB/FLEX
82608-25290,RB,Giovani,Giovani Bernard,Bernard,0,1,4500,LAR@TB,TB,LAR,IR,Ankle,,,,RB/FLEX
82608-53967,RB,Nick,Nick Bawden,Bawden,2.5,1,4500,BUF@NYJ,NYJ,BUF,IR,Undisclosed,,,,RB/FLEX
82608-81616,WR,Rashard,Rashard Davis,Davis,,,4500,BUF@NYJ,NYJ,BUF,,,,,,WR/FLEX
82608-71382,WR,Osirus,Osirus Mitchell,Mitchell,,,4500,GB@DET,GB,DET,Q,Quadriceps,,,,WR/FLEX
82608-94936,RB,Larry,Larry Rountree III,Rountree III,1.677777820163303,9,4500,LAC@ATL,LAC,ATL,,,,,,RB/FLEX
82608-64222,RB,Jordan,Jordan Glasgow,Glasgow,,,4500,IND@NE,IND,NE,Q,Undisclosed,,,,RB/FLEX
82608-69343,WR,Landen,Landen Akers,Akers,,,4500,LAR@TB,LAR,TB,,,,,,WR/FLEX
82608-45791,WR,Rashard,Rashard Higgins,Higgins,3.7916666666666665,12,4500,CAR@CIN,CAR,CIN,O,Illness,,,,WR/FLEX
82608-63201,RB,Xavier,Xavier Jones,Jones,,,4500,LAR@TB,LAR,TB,Q,Achilles,,,,RB/FLEX
82608-56041,RB,Khari,Khari Blasingame,Blasingame,0,4,4500,MIA@CHI,CHI,MIA,,,,,,RB/FLEX
82608-72427,WR,Kwamie,Kwamie Lassiter II,Lassiter II,,,4500,CAR@CIN,CIN,CAR,,,,,,WR/FLEX
82608-64242,WR,Keke,Keke Coutee,Coutee,0,3,4500,IND@NE,IND,NE,,,,,,WR/FLEX
82608-91897,WR,Ethan,Ethan Fernea,Fernea,,,4500,IND@NE,IND,NE,,,,,,WR/FLEX
82608-86780,RB,Salvon,Salvon Ahmed,Ahmed,0.20000000298023224,1,4500,MIA@CHI,MIA,CHI,,,,,,RB/FLEX
82608-94975,WR,Stephon,Stephon Robinson Jr.,Robinson Jr.,,,4500,SEA@ARI,ARI,SEA,,,,,,WR/FLEX
82608-61200,WR,Jaylinn,Jaylinn Hawkins,Hawkins,6,1,4500,LAC@ATL,ATL,LAC,,,,,,WR/FLEX
82608-94993,RB,Pooka,Pooka Williams Jr.,Williams Jr.,0,1,4500,CAR@CIN,CIN,CAR,,,,,,RB/FLEX
82608-111377,RB,De'Montre,De'Montre Tuggle,Tuggle,,,4500,MIA@CHI,CHI,MIA,,,,,,RB/FLEX
82608-40726,RB,Godwin,Godwin Igwebuike,Igwebuike,1.792307633620042,13,4500,SEA@ARI,SEA,ARI,,,,,,RB/FLEX
82608-71459,RB,Brittain,Brittain Brown,Brown,,,4500,LV@JAC,LV,JAC,,,,,,RB/FLEX
82608-56099,RB,Cullen,Cullen Gillaspia,Gillaspia,,,4500,SEA@ARI,SEA,ARI,,,,,,RB/FLEX
82608-31524,WR,Cody,Cody Core,Core,,,4500,MIA@CHI,MIA,CHI,Q,Undisclosed,,,,WR/FLEX
82608-82731,WR,Brandon,Brandon Zylstra,Zylstra,4.444444444444445,9,4500,GB@DET,DET,GB,,,,,,WR/FLEX
82608-72493,WR,Trishton,Trishton Jackson,Jackson,,,4500,MIN@WAS,MIN,WAS,,,,,,WR/FLEX
82608-71477,WR,Maurice,Maurice Ffrench,Ffrench,0.30000001192092896,1,4500,LAC@ATL,LAC,ATL,,,,,,WR/FLEX
82608-40758,RB,Corey,Corey Clement,Clement,3.6999999455043246,7,4500,SEA@ARI,ARI,SEA,,,,,,RB/FLEX
82608-41806,WR,Laquon,Laquon Treadwell,Treadwell,5.491666793823242,12,4500,SEA@ARI,SEA,ARI,,,,,,WR/FLEX
82608-73551,WR,Stantley,Stantley Thomas-Oliver III,Thomas-Oliver III,,,4500,CAR@CIN,CAR,CIN,IR,Thigh,,,,WR/FLEX
82608-88915,RB,Bryant,Bryant Koback,Koback,,,4500,MIN@WAS,MIN,WAS,,,,,,RB/FLEX
82608-103252,RB,Zonovan,Zonovan Knight,Knight,,,4500,BUF@NYJ,NYJ,BUF,,,,,,RB/FLEX
82608-93016,RB,B.J.,B.J. Baylor,Baylor,,,4500,LAC@ATL,ATL,LAC,,,,,,RB/FLEX
82608-26458,WR,Tavon,Tavon Austin,Austin,3.2833334604899087,12,4500,BUF@NYJ,BUF,NYJ,,,,,,WR/FLEX
82608-71519,WR,Dillon,Dillon Stoner,Stoner,,,4500,LV@JAC,LV,JAC,O,Undisclosed,,,,WR/FLEX
82608-93023,RB,Jermar,Jermar Jefferson,Jefferson,5.925000190734863,4,4500,GB@DET,DET,GB,,,,,,RB/FLEX
82608-104289,WR,Malik,Malik Taylor,Taylor,0.0800000011920929,5,4500,GB@DET,GB,DET,Q,Undisclosed,,,,WR/FLEX
82608-70501,RB,C.J.,C.J. Ham,Ham,0.9750000238418579,4,4500,MIN@WAS,MIN,WAS,,,,,,RB/FLEX
82608-169834,WR,Dareke,Dareke Young,Young,,,4500,SEA@ARI,SEA,ARI,,,,,,WR/FLEX
82608-57208,WR,KeeSean,KeeSean Johnson,Johnson,,,4500,BUF@NYJ,BUF,NYJ,,,,,,WR/FLEX
82608-70531,WR,Jack,Jack Sorenson,Sorenson,,,4500,CAR@CIN,CIN,CAR,,,,,,WR/FLEX
82608-91012,RB,Greg,Greg Bell,Bell,,,4500,GB@DET,DET,GB,IR,Hamstring,,,,RB/FLEX
82608-73616,WR,Willie,Willie Johnson,Johnson,,,4500,LV@JAC,JAC,LV,IR,Undisclosed,,,,WR/FLEX
82608-64403,WR,Irvin,Irvin Charles,Charles,,,4500,BUF@NYJ,NYJ,BUF,,,,,,WR/FLEX
82608-141201,WR,Raleigh,Raleigh Webb,Webb,,,4500,IND@NE,NE,IND,,,,,,WR/FLEX
82608-64405,WR,Dan,Dan Chisena,Chisena,,,4500,MIN@WAS,MIN,WAS,,,,,,WR/FLEX
82608-63387,WR,Jayson,Jayson Stanley,Stanley,,,4500,MIA@CHI,CHI,MIA,Q,Knee,,,,WR/FLEX
82608-169890,WR,LuJuan,LuJuan Winningham,Winningham,,,4500,LV@JAC,JAC,LV,,,,,,WR/FLEX
82608-88995,WR,Reggie,Reggie Roberson Jr.,Roberson Jr.,,,4500,MIA@CHI,CHI,MIA,,,,,,WR/FLEX
82608-169898,WR,Jequez,Jequez Ezzard,Ezzard,,,4500,MIN@WAS,WAS,MIN,Q,Undisclosed,,,,WR/FLEX
82608-91055,WR,Kevin,Kevin Austin Jr.,Austin Jr.,,,4500,LV@JAC,JAC,LV,,,,,,WR/FLEX
82608-169900,WR,Jared,Jared Bernhardt,Bernhardt,,,4500,LAC@ATL,ATL,LAC,IR,Groin,,,,WR/FLEX
82608-169901,WR,Tyshaun,Tyshaun James,James,,,4500,LAC@ATL,ATL,LAC,,,,,,WR/FLEX
82608-55224,RB,Reggie,Reggie Bonnafon,Bonnafon,2.5999999046325684,1,4500,MIN@WAS,WAS,MIN,,,,,,RB/FLEX
82608-85944,WR,Kyric,Kyric McGowan,McGowan,,,4500,MIN@WAS,WAS,MIN,,,,,,WR/FLEX
82608-103352,RB,Christian,Christian Wade,Wade,,,4500,BUF@NYJ,BUF,NYJ,,,,,,RB/FLEX
82608-71613,WR,Demetris,Demetris Robertson,Robertson,,,4500,SEA@ARI,SEA,ARI,,,,,,WR/FLEX
82608-43973,RB,Keith,Keith Smith,Smith,0.75,2,4500,LAC@ATL,ATL,LAC,,,,,,RB/FLEX
82608-138189,WR,Changa,Changa Hodge,Hodge,,,4500,SEA@ARI,ARI,SEA,,,,,,WR/FLEX
82608-88016,WR,Ryan,Ryan McDaniel,McDaniel,,,4500,LV@JAC,JAC,LV,,,,,,WR/FLEX
82608-169937,WR,Lance,Lance McCutcheon,McCutcheon,,,4500,LAR@TB,LAR,TB,,,,,,WR/FLEX
82608-91101,TE,Tommy,Tommy Tremble,Tremble,3.133333206176758,6,4500,CAR@CIN,CAR,CIN,,,,,,TE/FLEX
82608-56289,RB,Jason,Jason Cabinda,Cabinda,1.6999999455043249,7,4500,GB@DET,DET,GB,NA,Ankle,,,,RB/FLEX
82608-41954,WR,Victor,Victor Bolden Jr.,Bolden Jr.,,,4500,SEA@ARI,ARI,SEA,,,,,,WR/FLEX
82608-94185,WR,Kevin,Kevin Shaa,Shaa,,,4500,MIA@CHI,CHI,MIA,,,,,,WR/FLEX
82608-71661,WR,Tino,Tino Ellis,Ellis,,,4500,MIA@CHI,MIA,CHI,,,,,,WR/FLEX
82608-14319,RB,Taiwan,Taiwan Jones,Jones,0,1,4500,BUF@NYJ,BUF,NYJ,,,,,,RB/FLEX
82608-71662,WR,DJ,DJ Turner,Turner,1,2,4500,LV@JAC,LV,JAC,,,,,,WR/FLEX
82608-104433,RB,Kyren,Kyren Williams,Williams,,,4500,LAR@TB,LAR,TB,IR,Ankle,,,,RB/FLEX
82608-86007,WR,Tre,Tre Turner,Turner,,,4500,LV@JAC,LV,JAC,,,,,,WR/FLEX
82608-88056,WR,Stanley,Stanley Berryhill,Berryhill,,,4500,GB@DET,DET,GB,,,,,,WR/FLEX
82608-96250,WR,DeVonte,DeVonte Dedmon,Dedmon,,,4500,MIA@CHI,MIA,CHI,,,,,,WR/FLEX
82608-42046,TE,Durham,Durham Smythe,Smythe,3.5250000953674316,4,4400,MIA@CHI,MIA,CHI,,,,,,TE/FLEX
82608-72863,TE,Armani,Armani Rogers,Rogers,2.9666665395100913,3,4400,MIN@WAS,WAS,MIN,,,,,,TE/FLEX
82608-12528,D,Cincinnati,Cincinnati Bengals,Bengals,5.75,8,4400,CAR@CIN,CIN,CAR,,,,,,DEF
82608-71143,TE,Kylen,Kylen Granson,Granson,3.450000047683716,8,4400,IND@NE,IND,NE,,,,,,TE/FLEX
82608-31207,TE,C.J.,C.J. Uzomah,Uzomah,2.0200000762939454,5,4400,BUF@NYJ,NYJ,BUF,,,,,,TE/FLEX
82608-89588,TE,Colby,Colby Parkinson,Parkinson,4.483333269755046,6,4400,SEA@ARI,SEA,ARI,,,,,,TE/FLEX
82608-91046,TE,Brock,Brock Wright,Wright,3.933333396911621,3,4400,GB@DET,DET,GB,Q,Concussion,,,,TE/FLEX
82608-104421,TE,Jesper,Jesper Horsted,Horsted,1.7000000476837158,2,4400,LV@JAC,LV,JAC,,,,,,TE/FLEX
82608-48116,TE,Jonnu,Jonnu Smith,Smith,3.2999998728434243,6,4400,IND@NE,NE,IND,,,,,,TE/FLEX
82608-72705,TE,John,John Bates,Bates,2.1499999364217124,6,4300,MIN@WAS,WAS,MIN,,,,,,TE/FLEX
82608-90123,TE,Quintin,Quintin Morris,Morris,1.9249999523162842,4,4300,BUF@NYJ,BUF,NYJ,,,,,,TE/FLEX
82608-58499,TE,Parker,Parker Hesse,Hesse,1.5,5,4300,LAC@ATL,ATL,LAC,,,,,,TE/FLEX
82608-12538,D,Los Angeles,Los Angeles Rams,Rams,6.142857142857143,7,4300,LAR@TB,LAR,TB,,,,,,DEF
82608-18009,TE,Chris,Chris Manhertz,Manhertz,1.1333333651224773,3,4300,LV@JAC,JAC,LV,,,,,,TE/FLEX
82608-61112,TE,Josiah,Josiah Deguara,Deguara,1.9,5,4300,GB@DET,GB,DET,,,,,,TE/FLEX
82608-72515,TE,Ian,Ian Thomas,Thomas,2.25,8,4300,CAR@CIN,CAR,CIN,,,,,,TE/FLEX
82608-104278,TE,Donald,Donald Parham Jr.,Parham Jr.,3.4000000953674316,2,4300,LAC@ATL,LAC,ATL,IR,Hamstring,,,,TE/FLEX
82608-14237,TE,Kyle,Kyle Rudolph,Rudolph,0.75,4,4300,LAR@TB,TB,LAR,,,,,,TE/FLEX
82608-69655,TE,Stephen,Stephen Sullivan,Sullivan,1.8666666348775227,3,4200,CAR@CIN,CAR,CIN,O,Illness,,,,TE/FLEX
82608-62505,TE,MyCole,MyCole Pruitt,Pruitt,6.699999809265137,1,4200,LAC@ATL,ATL,LAC,,,,,,TE/FLEX
82608-70705,TE,Trevon,Trevon Wesco,Wesco,2.799999952316284,1,4200,MIA@CHI,CHI,MIA,,,,,,TE/FLEX
82608-68714,TE,Ko,Ko Kieft,Kieft,2.0333333015441895,3,4200,LAR@TB,TB,LAR,,,,,,TE/FLEX
82608-94345,TE,Cole,Cole Turner,Turner,1.099999984105428,3,4200,MIN@WAS,WAS,MIN,,,,,,TE/FLEX
82608-89283,TE,Tre',Tre' McKitty,McKitty,1.2000000476837158,4,4200,LAC@ATL,LAC,ATL,,,,,,TE/FLEX
82608-12535,D,Indianapolis,Indianapolis Colts,Colts,6,8,4200,IND@NE,IND,NE,,,,,,DEF
82608-6672,TE,Marcedes,Marcedes Lewis,Lewis,6.699999809265137,1,4200,GB@DET,GB,DET,,,,,,TE/FLEX
82608-55895,TE,Kendall,Kendall Blanton,Blanton,2.25,2,4200,LAR@TB,LAR,TB,,,,,,TE/FLEX
82608-91750,TE,Trey,Trey McBride,McBride,1.9500000476837158,2,4200,SEA@ARI,ARI,SEA,,,,,,TE/FLEX
82608-65182,TE,Mitchell,Mitchell Wilcox,Wilcox,1.5399999618530273,5,4200,CAR@CIN,CIN,CAR,,,,,,TE/FLEX
82608-80546,TE,Dan,Dan Arnold,Arnold,2.220000076293945,5,4200,LV@JAC,JAC,LV,,,,,,TE/FLEX
82608-65477,TE,Giovanni,Giovanni Ricci,Ricci,2.7666667302449546,3,4200,CAR@CIN,CAR,CIN,,,,,,TE/FLEX
82608-62508,TE,James,James O'Shaughnessy,O'Shaughnessy,5.485714503696987,7,4100,MIA@CHI,CHI,MIA,,,,,,TE/FLEX
82608-63697,TE,Brycen,Brycen Hopkins,Hopkins,4.050000190734863,2,4100,LAR@TB,LAR,TB,,,,,,TE/FLEX
82608-130286,TE,Ben,Ben Ellefson,Ellefson,2.049999952316284,2,4100,MIN@WAS,MIN,WAS,IR,Groin,,,,TE/FLEX
82608-12533,D,Green Bay,Green Bay Packers,Packers,6,8,4100,GB@DET,GB,DET,,,,,,DEF
82608-12550,D,Seattle,Seattle Seahawks,Seahawks,8.5,8,4100,SEA@ARI,SEA,ARI,,,,,,DEF
82608-34073,TE,Ryan,Ryan Griffin,Griffin,0.7800000190734864,5,4100,MIA@CHI,CHI,MIA,,,,,,TE/FLEX
82608-149832,TE,Shane,Shane Zylstra,Zylstra,2.450000047683716,2,4100,GB@DET,DET,GB,,,,,,TE/FLEX
82608-56711,TE,Drew,Drew Sample,Sample,0.4000000059604645,2,4100,CAR@CIN,CIN,CAR,IR,Knee - mcl,,,,TE/FLEX
82608-80294,TE,Anthony,Anthony Firkser,Firkser,1.8000000317891438,3,4100,LAC@ATL,ATL,LAC,,,,,,TE/FLEX
82608-28080,TE,Devin,Devin Funchess,Funchess,,,4100,GB@DET,DET,GB,,,,,,TE/FLEX
82608-73176,TE,Luke,Luke Farrell,Farrell,1.600000023841858,1,4100,LV@JAC,JAC,LV,,,,,,TE/FLEX
82608-29277,TE,Stephen,Stephen Anderson,Anderson,0.699999988079071,1,4100,SEA@ARI,ARI,SEA,,,,,,TE/FLEX
82608-29314,TE,Richard,Richard Rodgers,Rodgers,0,1,4100,LAC@ATL,LAC,ATL,,,,,,TE/FLEX
82608-47788,TE,Deon,Deon Yelder,Yelder,0.5,1,4100,SEA@ARI,ARI,SEA,,,,,,TE/FLEX
82608-61172,TE,Tyler,Tyler Davis,Davis,1.149999976158142,4,4100,GB@DET,GB,DET,,,,,,TE/FLEX
82608-54007,TE,Jacob,Jacob Hollister,Hollister,2.6666666666666665,6,4100,MIN@WAS,MIN,WAS,,,,,,TE/FLEX
82608-93075,TE,Hunter,Hunter Long,Long,0.4333333174387614,3,4100,MIA@CHI,MIA,CHI,,,,,,TE/FLEX
82608-56212,TE,Tommy,Tommy Sweeney,Sweeney,1.2000000476837158,1,4100,BUF@NYJ,BUF,NYJ,,,,,,TE/FLEX
82608-71697,TE,Shaun,Shaun Beyer,Beyer,,,4000,GB@DET,GB,DET,,,,,,TE/FLEX
82608-69676,TE,Jamal,Jamal Pettigrew,Pettigrew,,,4000,LAR@TB,LAR,TB,,,,,,TE/FLEX
82608-59455,TE,Sammis,Sammis Reyes,Reyes,,,4000,MIA@CHI,CHI,MIA,,,,,,TE/FLEX
82608-30787,TE,Alex,Alex Ellis,Ellis,,,4000,SEA@ARI,ARI,SEA,Q,Undisclosed,,,,TE/FLEX
82608-65607,TE,Jacob,Jacob Harris,Harris,,,4000,LAR@TB,LAR,TB,,,,,,TE/FLEX
82608-165962,TE,Nikola,Nikola Kalinic,Kalinic,,,4000,IND@NE,IND,NE,,,,,,TE/FLEX
82608-79967,TE,Adam,Adam Shaheen,Shaheen,2.4285714285714284,7,4000,MIA@CHI,MIA,CHI,IR,Knee,,,,TE/FLEX
82608-46177,TE,David,David Wells,Wells,,,4000,LAR@TB,TB,LAR,,,,,,TE/FLEX
82608-93343,TE,Roger,Roger Carter Jr.,Carter Jr.,,,4000,LAR@TB,LAR,TB,,,,,,TE/FLEX
82608-9409,TE,Clark,Clark Harris,Harris,,,4000,CAR@CIN,CIN,CAR,IR,Biceps,,,,TE/FLEX
82608-65737,TE,Sam,Sam Tecklenburg,Tecklenburg,,,4000,CAR@CIN,CAR,CIN,,,,,,TE/FLEX
82608-170191,TE,Ben,Ben Beise,Beise,,,4000,LAR@TB,TB,LAR,,,,,,TE/FLEX
82608-149708,TE,Zach,Zach Davidson,Davidson,,,4000,BUF@NYJ,BUF,NYJ,,,,,,TE/FLEX
82608-170188,TE,Tanner,Tanner Conner,Conner,0,2,4000,MIA@CHI,MIA,CHI,Q,Knee,,,,TE/FLEX
82608-149727,TE,Bernhard,Bernhard Seikovits,Seikovits,,,4000,SEA@ARI,ARI,SEA,,,,,,TE/FLEX
82608-64762,TE,Nakia,Nakia Griffin-Stewart,Griffin-Stewart,,,4000,IND@NE,IND,NE,,,,,,TE/FLEX
82608-61693,TE,Danny,Danny Pinter,Pinter,6.699999809265137,1,4000,IND@NE,IND,NE,,,,,,TE/FLEX
82608-97537,TE,Naz,Naz Bohannon,Bohannon,,,4000,LV@JAC,JAC,LV,,,,,,TE/FLEX
82608-12546,D,Arizona,Arizona Cardinals,Cardinals,7.875,8,4000,SEA@ARI,ARI,SEA,,,,,,DEF
82608-170282,TE,JJ,JJ Howland,Howland,,,4000,LAR@TB,TB,LAR,,,,,,TE/FLEX
82608-55609,TE,Ryan,Ryan Izzo,Izzo,,,4000,CAR@CIN,CAR,CIN,,,,,,TE/FLEX
82608-64833,TE,Alize,Alize Mack,Mack,,,4000,GB@DET,GB,DET,Q,Undisclosed,,,,TE/FLEX
82608-91467,TE,Jake,Jake Tonges,Tonges,0,1,4000,MIA@CHI,CHI,MIA,,,,,,TE/FLEX
82608-86359,TE,Jared,Jared Scott,Scott,,,4000,IND@NE,IND,NE,,,,,,TE/FLEX
82608-63839,TE,Tyler,Tyler Mabry,Mabry,,,4000,SEA@ARI,SEA,ARI,,,,,,TE/FLEX
82608-90483,TE,Bernhard,Bernhard Raimann,Raimann,,,4000,IND@NE,IND,NE,,,,,,TE/FLEX
82608-92530,TE,Cade,Cade Brewer,Brewer,,,4000,SEA@ARI,SEA,ARI,,,,,,TE/FLEX
82608-73089,TE,Devin,Devin Asiasi,Asiasi,0,2,4000,CAR@CIN,CIN,CAR,,,,,,TE/FLEX
82608-71048,TE,Thaddeus,Thaddeus Moss,Moss,,,4000,CAR@CIN,CIN,CAR,,,,,,TE/FLEX
82608-71058,TE,Grayson,Grayson Gunter,Gunter,,,4000,LV@JAC,JAC,LV,,,,,,TE/FLEX
82608-70043,TE,Cole,Cole Fotheringham,Fotheringham,,,4000,LV@JAC,LV,JAC,,,,,,TE/FLEX
82608-45472,TE,Garrett,Garrett Griffin,Griffin,2.950000047683716,2,4000,GB@DET,DET,GB,,,,,,TE/FLEX
82608-72110,TE,John,John Mitchell,Mitchell,,,4000,SEA@ARI,SEA,ARI,,,,,,TE/FLEX
82608-114112,TE,Jalen,Jalen Wydermyer,Wydermyer,,,4000,IND@NE,IND,NE,,,,,,TE/FLEX
82608-73161,TE,Chase,Chase Allen,Allen,,,4000,MIA@CHI,CHI,MIA,,,,,,TE/FLEX
82608-73172,TE,Jake,Jake Hausmann,Hausmann,,,4000,MIN@WAS,WAS,MIN,,,,,,TE/FLEX
82608-54746,TE,Tyler,Tyler Ott,Ott,,,4000,SEA@ARI,SEA,ARI,IR,Shoulder,,,,TE/FLEX
82608-91618,TE,John,John FitzPatrick,FitzPatrick,,,4000,LAC@ATL,ATL,LAC,IR,Undisclosed,,,,TE/FLEX
82608-89586,TE,Tucker,Tucker Fisk,Fisk,,,4000,LAC@ATL,ATL,LAC,,,,,,TE/FLEX
82608-62981,TE,Eli,Eli Wolf,Wolf,,,4000,MIN@WAS,WAS,MIN,IR,Undisclosed,,,,TE/FLEX
82608-64023,TE,Kyle,Kyle Markway,Markway,,,4000,LAR@TB,LAR,TB,Q,Undisclosed,,,,TE/FLEX
82608-103966,TE,Stone,Stone Smartt,Smartt,,,4000,LAC@ATL,LAC,ATL,IR,Undisclosed,,,,TE/FLEX
82608-14895,TE,Patrick,Patrick Scales,Scales,,,4000,MIA@CHI,CHI,MIA,,,,,,TE/FLEX
82608-69173,TE,Hunter,Hunter Kampmoyer,Kampmoyer,,,4000,LAC@ATL,LAC,ATL,,,,,,TE/FLEX
82608-72246,TE,Nolan,Nolan Givan,Givan,,,4000,GB@DET,DET,GB,,,,,,TE/FLEX
82608-60984,TE,Jake,Jake Bargas,Bargas,,,4000,MIA@CHI,CHI,MIA,,,,,,TE/FLEX
82608-68155,TE,Codey,Codey McElroy,McElroy,0.25,2,4000,LAR@TB,TB,LAR,Q,Foot,,,,TE/FLEX
82608-30272,TE,Colin,Colin Thompson,Thompson,0,1,4000,CAR@CIN,CAR,CIN,Q,Calf,,,,TE/FLEX
82608-104019,TE,Matt,Matt Orzech,Orzech,0,1,4000,LAR@TB,LAR,TB,,,,,,TE/FLEX
82608-66155,TE,Michael,Michael Jacobson,Jacobson,,,4000,IND@NE,IND,NE,,,,,,TE/FLEX
82608-147049,TE,Drew,Drew Ogletree,Ogletree,,,4000,IND@NE,IND,NE,IR,Knee - acl,,,,TE/FLEX
82608-87690,TE,Sal,Sal Cannella,Cannella,,,4000,GB@DET,GB,DET,,,,,,TE/FLEX
82608-90778,TE,Derrick,Derrick Deese Jr.,Deese Jr.,,,4000,GB@DET,DET,GB,,,,,,TE/FLEX
82608-28346,TE,Maxx,Maxx Williams,Williams,6.659999847412109,5,4000,SEA@ARI,ARI,SEA,Q,Knee,,,,TE/FLEX
82608-89814,TE,Gerrit,Gerrit Prince,Prince,,,4000,LV@JAC,JAC,LV,,,,,,TE/FLEX
82608-38636,TE,Bug,Bug Howard,Howard,,,4000,LAR@TB,TB,LAR,Q,Undisclosed,,,,TE/FLEX
82608-85759,TE,Curtis,Curtis Hodges,Hodges,,,4000,MIN@WAS,WAS,MIN,IR,Thigh,,,,TE/FLEX
82608-87815,TE,Jeremy,Jeremy Ruckert,Ruckert,0,1,4000,BUF@NYJ,NYJ,BUF,,,,,,TE/FLEX
82608-86839,TE,Jack,Jack Coco,Coco,,,4000,GB@DET,GB,DET,,,,,,TE/FLEX
82608-38722,TE,Cethan,Cethan Carter,Carter,1.2999999523162842,2,4000,MIA@CHI,MIA,CHI,IR,Concussion,,,,TE/FLEX
82608-63321,TE,Rashod,Rashod Berry,Berry,,,4000,LV@JAC,JAC,LV,,,,,,TE/FLEX
82608-169853,TE,Josh,Josh Babicz,Babicz,,,4000,GB@DET,GB,DET,,,,,,TE/FLEX
82608-23435,TE,Andrew,Andrew DePaola,DePaola,,,4000,MIN@WAS,MIN,WAS,,,,,,TE/FLEX
82608-64408,TE,Nick,Nick Bowers,Bowers,,,4000,CAR@CIN,CIN,CAR,,,,,,TE/FLEX
82608-92056,TE,Cal,Cal Adomitis,Adomitis,,,4000,CAR@CIN,CIN,CAR,,,,,,TE/FLEX
82608-55209,TE,Nate,Nate Becker,Becker,,,4000,GB@DET,GB,DET,Q,Undisclosed,,,,TE/FLEX
82608-89029,TE,Chris,Chris Pierce Jr.,Pierce Jr.,,,4000,SEA@ARI,ARI,SEA,,,,,,TE/FLEX
82608-70604,TE,John,John Raine,Raine,,,4000,LAC@ATL,ATL,LAC,Q,Undisclosed,,,,TE/FLEX
82608-72665,TE,Kenny,Kenny Yeboah,Yeboah,2.299999952316284,2,4000,BUF@NYJ,NYJ,BUF,,,,,,TE/FLEX
82608-112601,TE,Travis,Travis Koontz,Koontz,,,4000,LV@JAC,LV,JAC,,,,,,TE/FLEX
82608-54239,TE,Matt,Matt Sokol,Sokol,,,4000,IND@NE,NE,IND,,,,,,TE/FLEX
82608-85986,TE,James,James Mitchell,Mitchell,1.899999976158142,1,4000,GB@DET,DET,GB,,,,,,TE/FLEX
82608-87013,TE,Erik,Erik Krommenhoek,Krommenhoek,,,4000,LAC@ATL,LAC,ATL,,,,,,TE/FLEX
82608-96254,TE,Nick,Nick Muse,Muse,,,4000,MIN@WAS,MIN,WAS,,,,,,TE/FLEX
82608-12548,D,Los Angeles,Los Angeles Chargers,Chargers,4.285714285714286,7,3900,LAC@ATL,LAC,ATL,,,,,,DEF
82608-12554,D,Jacksonville,Jacksonville Jaguars,Jaguars,6.875,8,3800,LV@JAC,JAC,LV,,,,,,DEF
82608-12552,D,Washington,Washington Commanders,Commanders,5.25,8,3700,MIN@WAS,WAS,MIN,,,,,,DEF
82608-12539,D,Miami,Miami Dolphins,Dolphins,5.125,8,3600,MIA@CHI,MIA,CHI,,,,,,DEF
82608-12537,D,Las Vegas,Las Vegas Raiders,Raiders,4.142857142857143,7,3500,LV@JAC,LV,JAC,,,,,,DEF
82608-12544,D,New York,New York Jets,Jets,8.25,8,3400,BUF@NYJ,NYJ,BUF,,,,,,DEF
82608-12553,D,Carolina,Carolina Panthers,Panthers,7.125,8,3300,CAR@CIN,CAR,CIN,,,,,,DEF
82608-12532,D,Detroit,Detroit Lions,Lions,2.5714285714285716,7,3200,GB@DET,DET,GB,,,,,,DEF
82608-12525,D,Atlanta,Atlanta Falcons,Falcons,5.75,8,3100,LAC@ATL,ATL,LAC,,,,,,DEF
82608-12527,D,Chicago,Chicago Bears,Bears,5.875,8,3000,MIA@CHI,CHI,MIA,,,,,,DEF